round,old_loss,beta,direction_gain,interaction,step,expected_loss,status,max_gain_sum,temp
0,447616388.0,0.00014543329816728734,225451601.00010622,79717509.93092047,1.0000233694461431,301880754.20341295,ok,450903202.0,-0.19929448205401634
1,303084492.0,0.00024255660132475694,137126942.0,17515824.83465736,1.0000000157256217,183473373.22914544,ok,274253884.0,-0.09722636099121074
2,183717206.0,0.00028428365454826615,104402251.00004822,21978231.99776342,1.0000000142558203,101293186.13601094,ok,208804502.0,-0.011251517045189896
3,101348396.0,0.0003631567041408696,81980406.00000001,21011144.682866827,1.0000013993621324,40379078.76703265,ok,163960812.0,-0.03310036627753998
4,40068185.0,0.0006061677341563128,45355308.000023745,19997821.300613895,1.0000014552336507,14710690.50106705,ok,90710616.0,0.016140000578503066
5,14483406.0,0.0007502385248426364,36552501.50001833,77163588.60086699,0.23685071004854508,10154663.032835074,ok,73105003.0,-0.07418710664474482
6,10142077.0,0.0013560049059197236,19736292.000000004,44748701.711368896,0.2205236268897806,7965917.653402118,ok,39472584.0,-0.040033029321576485
7,8043069.0,0.001282170171880611,19570467.5,82536075.15707377,0.11855705194822745,6882960.533975702,ok,39140935.0,-0.04506000284679601
8,6861383.0,0.0017829057811948718,4441775.0,2274954.1136114933,0.9762339761984639,4693277.165185533,ok,8883550.0,-0.04615979122872771
9,4675409.0,0.0019764687712293476,4464873.500002345,7024440.756608462,0.3178098908302327,3965918.520196728,ok,8929747.0,-0.09011749228640653
10,3978645.0,0.002957288127158922,2382929.5000009635,2583959.746888079,0.4611003524475911,3429260.1838458967,ok,4765859.0,-0.07094172899299611
11,3465801.0,0.00210325442250564,3720103.0,12574182.375099044,0.14792623842354194,3190650.578330933,ok,7440206.0,-0.06347261692070472
12,3175197.0,0.0036868651274866143,2337154.5,2295575.3027534885,0.5090563784156064,2580325.2972161314,ok,4674309.0,-0.06327069962356191
13,2593013.0,0.002639694875617779,3360747.500000003,10435423.576168543,0.1610259265218025,2322429.260003334,ok,6721495.0,-0.0646194208383224
14,2356204.0,0.004284374937015722,1963154.0000009988,1607447.0673538363,0.6106434357532917,1756810.4482632864,ok,3926308.0,-0.06556071380541084
15,1748366.0,0.003648418623500594,2565837.000001345,10118389.528527744,0.12679077993425905,1585703.762792825,ok,5131674.0,-0.0812830920270553
16,1600929.0,0.006540707600868862,1347423.5,2695818.5338343927,0.24990990363203242,1432561.7614817321,ok,2694847.0,-0.07707302713025754
17,1419468.0,0.006316637941231637,1380125.000000668,2903023.633842487,0.23770474754521947,1255436.8676469976,ok,2760250.0,-0.07491707795629576
18,1231384.0,0.006963763826478528,1463380.500000043,7309497.480063904,0.10010130682658429,1158140.8497827277,ok,2926761.0,-0.0764950489752545
19,1149935.0,0.007830814009627807,1153977.500000015,2271862.806571557,0.2539716519549588,1003396.2140030714,ok,2307955.0,-0.07831061065279243
20,992938.0,0.007229787394083989,1237699.500000618,3283120.455682822,0.18849437855048204,876288.3009575707,ok,2475399.0,-0.0778003433118859
21,870394.0,0.0057251851742107914,1279889.0000000005,8460550.723047974,0.07563863404975317,821989.4721523478,ok,2559778.0,-0.07877100249665192
22,826864.0,0.009262513603249421,867102.5000000001,782044.8391953539,0.5543815754171858,586511.1750009098,ok,1734205.0,-0.07716401657708838
23,584519.0,0.0064017662233216135,1338643.0,4152138.694551136,0.1611992154497037,476624.89931638114,ok,2677286.0,-0.08287039384378447
24,480875.0,0.008811737625637299,801401.0,6016825.054613166,0.0665966679042427,454189.68187243596,ok,1602802.0,-0.08317674107066697
25,452385.0,0.011794568972027821,688373.5,6057418.752901478,0.056820696081996316,432828.06928279996,ok,1376747.0,-0.08243846293320889
26,428955.0,0.013644188196104993,533251.5000002201,743007.7976285149,0.35884650316067906,333277.2819598671,ok,1066503.0,-0.08277851506697331
27,336240.0,0.008025167854550376,1172867.5000000002,12481202.792061161,0.04698535547976268,308686.2017909197,ok,2345735.0,-0.08188169332585771
28,308602.0,0.011128055349872107,705275.0000000019,4878438.263532234,0.07228491598142592,283111.62794059986,ok,1410550.0,-0.0825643698832268
29,282219.0,0.012762180238892806,622310.0,11376907.171742663,0.027349700169201494,273709.0040438521,ok,1244620.0,-0.08357201479393961
30,271318.0,0.022941318776459427,425352.5,2364044.7547357786,0.08996286960048272,252185.03425413035,ok,850705.0,-0.08337168024960828
31,246388.0,0.024796744679746928,405098.5000000001,1893823.68736746,0.10695253805889232,224724.8436305749,ok,810197.0,-0.08332199550809216
32,222694.0,0.0173883245209306,479535.0000000012,4754469.191593202,0.050429919795033015,210602.54420554437,ok,959070.0,-0.08343606469768172
33,210351.0,0.027078635780038725,311112.0,772122.5115942793,0.20146543801553957,179011.84232405474,ok,622224.0,-0.08304614218510054
34,175853.0,0.016334803352506422,490197.5000002278,3812080.972308249,0.0642952633431877,160094.31132365656,ok,980395.0,-0.08602630576515491
35,160846.0,0.018505873708968553,343105.5,4488223.893797036,0.03822285921098879,154288.76338949206,ok,686211.0,-0.08606579287508564
36,154519.0,0.012304461691334602,420515.0000000002,15658035.688577358,0.013428089204917597,151695.64353399703,ok,841030.0,-0.08568212340300718
37,150937.0,0.039455775769405635,144572.00000004823,1230026.3679319075,0.058767845864606504,146688.90749382964,ok,289144.0,-0.0855516508280596
38,148496.0,0.02383346805572686,329053.0000001426,4088140.444527242,0.04024482579122777,141874.6596694567,ok,658106.0,-0.08586441248752097
39,143334.0,0.022173301783145933,246211.00000000006,11642525.786240244,0.010573779458190477,142032.30959290973,ok,492422.0,-0.08630673588220361
40,142387.0,0.03229108201521211,205128.50000006845,672277.8549031585,0.15256229139781585,126739.56300449635,ok,410257.0,-0.08631451765437426
41,128327.0,0.012550479113273488,793415.0000003908,25755118.45120049,0.015403054765671411,122216.4926515444,ok,1586830.0,-0.08628354320567588
42,123429.0,0.024180975930140864,333397.5,3662026.4514768966,0.04552090275939168,115840.72241113785,ok,666795.0,-0.08641624931746028
43,116515.0,0.03234790520033405,221578.00000008993,1949908.2719722535,0.05681754449299626,110220.24106316287,ok,443156.0,-0.08607364865251954
44,110197.0,0.031986315213201756,265998.00000000006,4593535.167779922,0.028953517311216998,106346.21115112545,ok,531996.0,-0.08598466386287029
45,106868.0,0.030196115992965303,219880.5,2030201.838209713,0.05415237437522384,100914.47442309429,ok,439761.0,-0.08583445582431803
46,101188.0,0.027679889025264016,263906.50000011374,4953112.493472871,0.026640471052079406,97672.7032631457,ok,527813.0,-0.08592094067102041
47,97200.0,0.05092863535963677,193634.50000000524,5137376.639570791,0.01884565933014624,95375.41508921834,ok,387269.0,-0.0858286302248148
48,95761.0,0.038673797134946473,182846.5,1074251.6282755109,0.08510412979011366,87980.503866166,ok,365693.0,-0.08624589565378749
49,88456.0,0.036244499425337265,230716.0,3454192.337567292,0.03339651899096157,84603.44436224065,ok,461432.0,-0.08587889162449436
50,81929.0,0.059762426950871854,111481.0000000361,818242.1879237731,0.06812225136112243,78131.83164800412,ok,222962.0,-0.08609898863840959
51,77462.0,0.049830940939309044,205604.0,2661742.4390622885,0.0386220689467672,73491.57406813445,ok,411208.0,-0.086536087705674
52,72092.0,0.07107338331304508,136061.5,1528367.54764542,0.04451203514809454,69063.81286484878,ok,272123.0,-0.08698608304443312
53,70572.0,0.032888502731278385,265739.50000012777,6858787.95450707,0.019372190958717724,67998.02183036169,ok,531479.0,-0.08750270376795699
54,67992.0,0.04256937217915236,187543.50000000087,3483024.22018864,0.026922508737226573,65467.42924131996,ok,375087.0,-0.08690460066033978
55,65433.0,0.04711568129036905,150460.5000000002,1291349.8168148028,0.0582570648327967,61050.30644836249,ok,300921.0,-0.08658732958365611
56,62122.0,0.030185308491099943,336089.000000182,10818110.65429427,0.015533627393003733,59511.65935155497,ok,672178.0,-0.08647351596920361
57,59178.0,0.061880780827080546,101133.50000000003,1075049.4151574704,0.04703667504678669,56799.5082120779,ok,202267.0,-0.08676970292052211
58,56074.0,0.04997621649138004,136617.0,2709454.6964818514,0.025211161525858547,54351.86337291089,ok,273234.0,-0.08701710200623847
59,54542.0,0.05240229469761796,117700.5,2389209.48558935,0.024631682719727405,53092.41931402336,ok,235401.0,-0.08762452595837544
60,53118.0,0.06069719992235151,159807.5,4911931.034817843,0.016267278476348398,51818.18344744548,ok,319615.0,-0.08747597534825058
61,50303.0,0.07216400851427736,98209.50000000108,1785810.8616796718,0.027497172883031024,48952.75819987197,ok,196419.0,-0.08824787606388096
62,48818.0,0.06430403916827515,116426.00000005415,2525402.1954021393,0.023050981782629428,47476.133197487165,ok,232852.0,-0.08828418782411518
63,47603.0,0.08162752581060399,91842.0,1834198.596734886,0.025036002143794787,46453.3217455548,ok,183684.0,-0.08829874948799121
64,46221.0,0.08169409658890496,97730.50000000009,578488.7298254881,0.08447053067868955,42093.32640075316,ok,195461.0,-0.08876274749830682
65,40927.0,0.04083335065914268,164200.5,6573646.563502338,0.012489300908848719,39901.62527305829,ok,328401.0,-0.08918221559782902
66,39901.0,0.04473478999815283,115248.00000000001,3730920.251447244,0.015444983038071465,39010.998297414175,ok,230496.0,-0.08871974491633994
67,38878.0,0.07535606258373573,101625.50000005036,2169213.2812756,0.023424506220128285,37687.736421562586,ok,203251.0,-0.08892514279360864
68,38055.0,0.05934873370229936,107935.50000004114,2986493.1266447017,0.018070609143056308,37079.76988341945,ok,215871.0,-0.08923258415605329
69,36629.0,0.04983328771084277,58011.5,2015145.0183056286,0.01439387723290931,36211.494795451545,ok,116023.0,-0.08919923701940302
70,36576.0,0.05272991517987393,125775.5000000026,2577344.4845454795,0.024400211293870443,35041.52561220386,ok,251551.0,-0.08894187973424827
71,34806.0,0.0849494384012362,109736.00000000001,6181616.96804065,0.008875994789659572,34318.99191788096,ok,219472.0,-0.08871454451367367
72,34151.0,0.08405961118951188,69482.00000000003,741868.0818012643,0.046829080334132266,32524.11092011191,ok,138964.0,-0.08888290914464747
73,32131.0,0.07354757846387013,112817.50000006195,4385240.069764173,0.012863320845069378,31405.396150280292,ok,225635.0,-0.08933692670514004
74,31169.0,0.09005925793595114,67530.0,573555.3695438477,0.0588696432688853,29181.266495026088,ok,135060.0,-0.0892834444622368
75,28031.0,0.03885606256764952,157017.50000000282,11334492.16962134,0.006926534407110028,27487.20644186579,ok,314035.0,-0.08987281855270535
76,27352.0,0.054063607100322215,161891.0,7285131.175315663,0.011111055937368575,26452.610021621735,ok,323782.0,-0.0891525683862211
77,26524.0,0.08290411851782671,123482.00000000001,19225227.91847866,0.0032114573757878093,26325.721410161485,ok,246964.0,-0.08941666643390267
78,26207.0,0.08432851000408852,80846.50000000035,1119362.9507851661,0.03611272820102335,24747.206159747977,ok,161693.0,-0.08939434817237135
79,25067.0,0.07226189623154569,100090.0,2151985.9321471015,0.023255263546294928,23903.19033582567,ok,200180.0,-0.08859065129892585
80,24175.0,0.07949292015935273,81100.0,4063337.8135585114,0.009979480383022328,23770.332070468445,ok,162200.0,-0.08954492034013173
81,24104.0,0.06489435656664679,82185.00000003506,9584771.615715178,0.004287269603027611,23927.825373837513,ok,164370.0,-0.08905487661325129
82,24044.0,0.09865052968611275,73134.50000002644,1551784.417189642,0.02356464570396854,23182.305709381246,ok,146269.0,-0.0890043571320831
83,23214.0,0.08396603665824803,97658.5000000521,11341996.65239576,0.004305172316349775,23003.781664671766,ok,195317.0,-0.08850173999882838
84,23537.0,0.08529159556646329,71450.50000000029,712462.5862220642,0.05014333480925426,21745.61682810568,ok,142901.0,-0.08847526689891616
85,22712.0,0.08216839412374698,56745.0,1271510.6685621087,0.02231400860527983,22078.8957908467,ok,113490.0,-0.08904218464266833
86,21763.0,0.07348708446257486,87584.50000004066,2900620.4762364556,0.015097545631630033,21101.84450731294,ok,175169.0,-0.08926621953997138
87,20790.0,0.08145968005909081,106049.50000000242,4496850.997998939,0.011791529233144879,20164.757110294788,ok,212099.0,-0.08879048095634978
88,20410.0,0.09686153716338526,79668.50000000003,4235297.209189298,0.009405302162401234,20035.34684233737,ok,159337.0,-0.0888935303387548
89,20060.0,0.12610082217908325,43672.50000000001,483851.6118046598,0.0451300553046741,19074.528829853312,ok,87345.0,-0.08888541517923221
90,19029.0,0.06428577438885309,94600.00000000001,3275171.63872201,0.014441991204606526,18345.89381602211,ok,189200.0,-0.08854632024468057
91,18469.0,0.11739045339582745,78279.00000001928,6131817.665365244,0.006383017587278222,18219.171883142662,ok,156558.0,-0.08884260961248414
92,18106.0,0.1212333976099899,64175.000000000015,1151199.4662298262,0.02787310187441838,17211.6218436046,ok,128350.0,-0.08868067078046993
93,16822.0,0.08888929941916564,76325.00000003177,4677740.869614099,0.008158318526772986,16510.658169221897,ok,152650.0,-0.08928545512005259
94,16574.0,0.08632769165384961,76947.00000000001,3370933.6398183857,0.011413306849337095,16134.890138932029,ok,153894.0,-0.0884289673229719
95,16199.0,0.09587559929827193,44570.50000000007,930632.1184363959,0.023946358134987498,15665.34942237227,ok,89141.0,-0.08839352209176976
96,15904.0,0.07125474938569838,87300.0,2687383.699929428,0.016242563353028552,15195.012109640304,ok,174600.0,-0.08841827734325935
97,15639.0,0.02762858500889236,173495.0000000001,16431014.730598575,0.005279497427414203,15181.016796915386,ok,346990.0,-0.0882338955218982
98,15267.0,0.09171984558790727,64814.50000002846,2614617.749013767,0.012394641630593319,14865.323750016778,ok,129629.0,-0.08818810052987391
99,14851.0,0.09162858971548996,48927.00000000001,1733058.3934462059,0.014115796728207213,14505.678206739502,ok,97854.0,-0.08815944121607489
100,14299.0,0.15126237104461251,38540.00000001508,702164.705611581,0.02744370351572071,13770.159833251855,ok,77080.0,-0.08822915142750176
101,13663.0,0.11736175087339108,44529.0,1432277.0593023235,0.015544827626328988,13316.902185313598,ok,89058.0,-0.08837788119083223
102,13409.0,0.20274905123618045,46570.000000034175,38356664.235773414,0.000607065303095369,13394.864484417414,ok,93140.0,-0.0882760131770075
103,13396.0,0.12842771075417908,41076.00000000003,2127766.2774583865,0.00965237592943367,13197.759503161291,ok,82152.0,-0.08845337941389264
104,13095.0,0.19529791274430078,35159.50000001652,3867274.8273462853,0.0045457720965932594,13015.086462984878,ok,70319.0,-0.08807007545443568
105,13107.0,0.07371046929893171,64491.50000000001,4065491.315996451,0.007931575175950556,12851.240409770091,ok,128983.0,-0.08825439433496252
106,12856.0,0.1541763286933425,36674.50000000001,1483000.0535280895,0.012364969209795566,12629.260468357677,ok,73349.0,-0.08799688644759662
107,12950.0,0.18153174002865957,34613.500000000015,2213964.676291507,0.007817084972190979,12814.711664657534,ok,69227.0,-0.08784236361987396
108,12812.0,0.17833285761201098,27326.0,385296.6168913437,0.03546099135319701,12327.496475141268,ok,54652.0,-0.08797667409971766
109,11977.0,0.1384114416378954,49865.5,6509025.246769944,0.003830489060151164,11881.495373885517,ok,99731.0,-0.08790787451894122
110,11876.0,0.21021681370889422,17967.0,449866.21428429027,0.0199692702291329,11696.606060896584,ok,35934.0,-0.08788630083190352
111,11775.0,0.15835789400013284,29916.500000000007,1395639.2504012953,0.010717848466714433,11614.67974317277,ok,59833.0,-0.08787333804419317
112,11526.0,0.14894325612910136,29120.50000000844,1132157.9243715103,0.01286061748681129,11338.746194237601,ok,58241.0,-0.08801464191409636
113,11413.0,0.15975862087986253,11889.500000000004,90050.04412459921,0.0660160698175167,11020.550968952319,ok,23779.0,-0.0880180666539836
114,11239.0,0.10318340150715852,69954.00000000001,3871048.7424715813,0.009035535930159315,10922.964059770817,ok,139908.0,-0.08796426538617697
115,10838.0,0.15768991994827047,33325.5,766541.4629154705,0.021737571685456845,10475.792277398154,ok,66651.0,-0.08821159033212123
116,10359.0,0.11132956069834542,43787.50000000001,6863816.2245334955,0.0031897342941299436,10289.164754797894,ok,87575.0,-0.08845995894209358
117,10339.0,0.20697635730030822,24954.5,2272012.178092852,0.005491717923129057,10270.478462543637,ok,49909.0,-0.08844480459872273
118,10244.0,0.20300146581063114,26809.0,542811.0675240743,0.02469459596898417,9912.981288333753,ok,53618.0,-0.08841740628329253
119,9800.0,0.1380019865944941,25699.50000000009,634245.2755975772,0.020259906528894814,9539.665266080332,ok,51399.0,-0.08856926680633048
120,9822.0,0.07119224462385601,42362.50000002997,2076709.7181951427,0.010199427399233966,9605.963378399822,ok,84725.0,-0.08842006507443445
121,9558.0,0.20045730441526174,19795.50000000002,1313944.1497830185,0.007532854422796052,9483.441690136771,ok,39591.0,-0.08848409614322605
122,9495.0,0.16913573967127218,16872.0,283665.34073419205,0.029739269443935817,9244.119522970957,ok,33744.0,-0.08870718510756426
123,9140.0,0.1775137614116846,20327.000000000004,264600.05960277165,0.0384108001156835,8749.61183302425,ok,40654.0,-0.08854353116554137
124,8950.0,0.1392088957099413,18450.0,589326.4084574989,0.015653464476749798,8805.596790201982,ok,36900.0,-0.08860368973802357
125,8956.0,0.2578527590211744,23970.0,924242.5894913812,0.012967374730692134,8800.586013852655,ok,47940.0,-0.08881445230822438
126,8651.0,0.16917951006933196,17216.000000004315,225583.93305472008,0.03815874598619622,8322.52951455074,ok,34432.0,-0.08897370663029402
127,8152.0,0.30123832920622695,12936.000000004622,270333.34634063754,0.023926016111427896,7997.24652779123,ok,25872.0,-0.0889281858123181
128,7985.0,0.19891994435408428,31873.000000014265,7104883.4623172255,0.0022430346795314663,7949.25387782963,ok,63746.0,-0.08851911243096566
129,7912.0,0.4061038802638087,17610.000000000116,680091.1837438304,0.012946793327814454,7798.003484748593,ok,35220.0,-0.08847458314163514
130,7842.0,0.2237355446479404,14982.000000003694,148669.8791537779,0.05038680358550282,7464.552454340905,ok,29964.0,-0.08880474341178157
131,7654.0,0.06628903824420636,83281.50000003961,6840800.931818253,0.006087116174706736,7400.527917147961,ok,166563.0,-0.08930683488873914
132,7459.0,0.2494608937761993,33969.50000000081,3385792.4976961063,0.005016476943450561,7373.796393234727,ok,67939.0,-0.089303937985588
133,7264.0,0.20269661572553543,18549.000000006687,628951.5611247917,0.014745968645689025,7127.238513795508,ok,37098.0,-0.08934850317523946
134,7084.0,0.3575330405186306,13649.500000000002,680076.7831638119,0.010035263912775134,7015.511832611288,ok,27299.0,-0.0894503556529802
135,6958.0,0.21913338174093933,27606.0,2127967.6539363274,0.0064864707762202715,6868.467243875832,ok,55212.0,-0.08949481704515971
136,6870.0,0.22286218118876147,27074.50000001161,3244293.1161671174,0.004172634689679033,6813.514001047118,ok,54149.0,-0.0896666302797211
137,6884.0,0.18663841461055866,27311.5,3212513.3843802093,0.004250799410329805,6825.952145952389,ok,54623.0,-0.08946096255741054
138,6807.0,0.1166958601144695,29883.500000014254,7304125.493709713,0.002045658992698703,6776.4342747458295,ok,59767.0,-0.08929849750451213
139,6623.0,0.34216128034221777,10326.5,554050.9872523346,0.009319088168411604,6574.883218014448,ok,20653.0,-0.08931355387160567
140,6579.0,0.38626071228195785,6292.5,66826.37141392918,0.04708096419767901,6430.871516393052,ok,12585.0,-0.08932955069534287
141,6530.0,0.15301188982592748,48042.00000002787,8950315.542018168,0.0026838159936646818,6465.532056016143,ok,96084.0,-0.08922181560112463
142,6363.0,0.23213372633910964,19212.00000000007,1394279.8869632673,0.006889577974851119,6296.81871397358,ok,38424.0,-0.08929715792972504
143,6285.0,0.24088238019252906,12120.500000000002,439423.79319788143,0.013791356075411574,6201.420934343987,ok,24241.0,-0.0893205159534105
144,6056.0,0.17412660274457617,25796.000000000044,2112598.0135830035,0.006105278863783833,5977.254113214915,ok,51592.0,-0.08931654008731105
145,6028.0,0.2861016585541367,15735.000000006876,1599591.3503940462,0.004918443700052106,5989.304144189823,ok,31470.0,-0.08935454140240928
146,5979.0,0.2541021900475122,12426.0,106061.72207032314,0.058579097894342444,5615.048064782451,ok,24852.0,-0.08943584330398213
147,5610.0,0.1617354123793819,44568.0,10431329.98150873,0.0021362568377668143,5562.395652627205,ok,89136.0,-0.0892490664860155
148,5566.0,0.35957342080363136,10644.500000000016,785535.0749291044,0.006775318085548692,5529.940063319189,ok,21289.0,-0.08935159700642803
149,5534.0,0.41941649434876904,5898.000000001112,51319.690609137164,0.057463323823614486,5364.5406580441295,ok,11796.0,-0.08932481227640388
150,5453.0,0.3127633010677024,15627.00000000627,3647581.5425207326,0.002142104270711783,5436.262668280787,ok,31254.0,-0.08935166707617181
151,5463.0,0.2792187626915008,11357.500000006026,875055.7493238779,0.006489586525647956,5426.147260517458,ok,22715.0,-0.089349623544003
152,5444.0,0.26817480972452823,14623.500000007156,1250762.183764893,0.005845835519262849,5401.256712142009,ok,29247.0,-0.08936481206358549
153,5444.0,0.2607630780393485,11957.000000006195,490743.7798740505,0.012182528327791502,5371.166754392261,ok,23914.0,-0.08936481206358549
154,5454.0,0.14496422176745052,34327.00000001482,4955238.194053934,0.003463708368369224,5394.55064141947,ok,68654.0,-0.08961297587357997
155,5359.0,0.26370522741071606,13034.5,804456.1951207422,0.008101435528160504,5306.200919304096,ok,26069.0,-0.08945205418712376
156,5304.0,0.27198063066624784,12830.0,745496.6629093207,0.008605001630678387,5248.7989145391975,ok,25660.0,-0.08945191641201244
157,5298.0,0.3399563338513844,13786.5,849790.3476081657,0.008111706633761913,5242.08397824682,ok,27573.0,-0.08940915762620882
158,5253.0,0.2712276857133568,11789.500000005455,449626.94650988915,0.013110312995604853,5175.717982469122,ok,23579.0,-0.0895321339711943
159,5041.0,0.1772326993344451,42712.0,12499447.232361022,0.0017085555547376044,5004.512087573024,ok,85424.0,-0.08990036434919357
160,5024.0,0.19352122001468633,40705.0,12803531.69331576,0.0015896004702066128,4991.647656430119,ok,81410.0,-0.08992221732817285
161,4990.0,0.37304693125672495,14406.500000000084,2234073.820458148,0.0032242667784911647,4966.774800327834,ok,28813.0,-0.08995503730276422
162,4961.0,0.3451304594080701,9565.000000003496,166835.69103860037,0.028665928556589445,4823.905196678061,ok,19130.0,-0.08987484678466906
163,4863.0,0.3160150698184621,15652.5,2807698.039713965,0.002787425816202551,4841.184908705945,ok,31305.0,-0.09007654957534816
164,4863.0,0.2747168448903256,15574.000000000351,1643122.0872711858,0.0047391487585273905,4826.096248617346,ok,31148.0,-0.09007654957534816
165,4816.0,0.4094277929728123,7363.000000000004,176695.74702593876,0.02083524964219745,4739.2950284422495,ok,14726.0,-0.08955628846353036
166,4706.0,0.2916228777301509,20192.500000006446,2116236.2498096167,0.004770852026049319,4657.832285231984,ok,40385.0,-0.08970524322403195
167,4613.0,0.21250188008642157,13939.500000000162,880844.6577407997,0.007912575661043543,4557.851325786441,ok,27879.0,-0.08970468437486812
168,4564.0,0.298139859850235,7198.0,117915.44894369552,0.030521869969036188,4454.151789981439,ok,14396.0,-0.08960231429672083
169,4568.0,0.1688959706246235,12098.500000003718,728306.3866483626,0.00830591370733445,4517.755451505892,ok,24197.0,-0.08962843643667551
170,4455.0,0.3298269700173352,9034.000000000095,312004.61318448535,0.014477350042671287,4389.605809857253,ok,18068.0,-0.089552990652074
171,4313.0,0.18004764259187364,26605.500000007458,2920195.5327258427,0.004555431254833248,4252.400236874751,ok,53211.0,-0.08935829170263698
172,4283.0,0.18648872871520966,13676.000000000007,1011629.0658785255,0.006759394555416123,4236.7792600300645,ok,27352.0,-0.0892308462009459
173,4204.0,0.6324975257691572,6146.000000000001,1491554.182813697,0.002060267092813908,4197.668799223783,ok,12292.0,-0.08906799745262539
174,4228.0,0.19916917007563453,10559.500000003847,1349177.0067695822,0.003913311576991336,4207.338693201372,ok,21119.0,-0.08904178381994754
175,4164.0,0.19486685382847566,12339.5,1691614.1404451448,0.003647256104383499,4141.49734164998,ok,24679.0,-0.088939152523686
176,4131.0,0.17970416205881296,12638.5,1007293.7467356917,0.006273492732858329,4091.356231047885,ok,25277.0,-0.08883891656839937
177,4130.0,0.3621202774706018,6717.5,528655.8444373469,0.0063533772213844476,4108.660594257675,ok,13435.0,-0.08893997236769646
178,4112.0,0.4672234021274111,5871.000000001397,155983.0763791736,0.01881934930469571,4056.7558001160523,ok,11742.0,-0.08895894912987368
179,3807.0,0.28986292946905806,9159.500000000004,1107311.051100548,0.004135920070018468,3788.058520059333,ok,18319.0,-0.08921276097615483
180,3792.0,0.5286509657830091,5220.500000000001,155690.58304749403,0.016765625440581293,3748.2375261937227,ok,10441.0,-0.08924116708180652
181,3784.0,0.24989248233326528,11719.5,573814.0930360116,0.01021193113085888,3724.1606365559496,ok,23439.0,-0.08913574748137698
182,3747.0,0.2953259076529687,11410.000000004526,940025.0512723383,0.006068987195905533,3712.376428047345,ok,22820.0,-0.08902327292162449
183,3618.0,0.39412324895423423,11247.500000000015,1545476.1698381433,0.0036388461431850995,3597.5360390022624,ok,22495.0,-0.08909498992333331
184,3604.0,0.41526027765043205,6504.5,303441.8837425363,0.010717867816690268,3569.1428143931694,ok,13009.0,-0.08896968975516462
185,3585.0,0.3017294710779109,3427.0000000000005,5323.5317989880205,0.32187278383980517,3033.470984890494,ok,6854.0,-0.08898049554957943
186,2830.0,0.10683361813771114,70637.50000000001,9615016.597638253,0.0036732905909570026,2700.263967940637,ok,141275.0,-0.08941409780264253
187,2777.0,0.11494892359532638,60130.00000003236,8070700.975661829,0.0037252030636100645,2665.001769892503,ok,120260.0,-0.08946982720917784
188,2746.0,0.12707705153802043,49353.000000000015,5121836.084497462,0.004817901157495005,2627.1110620870745,ok,98706.0,-0.08939604931711287
189,2654.0,0.18929142705937896,39386.000000024105,9679856.7651549,0.0020344309298978474,2613.935951697497,ok,78772.0,-0.08948178968066056
190,2594.0,0.25368173918833337,22778.500000010426,2269020.6232724246,0.0050194563606827955,2536.8321566440673,ok,45557.0,-0.08961980055587748
191,2560.0,0.28012247620800357,20353.0,3438365.084268569,0.0029596915250681734,2529.8806991951437,ok,40706.0,-0.0895197148461131
192,2565.0,0.2888408381664841,23163.0,3925213.959713377,0.0029505397970320305,2530.8283233406733,ok,46326.0,-0.08955736303124429
193,2506.0,0.42240272633079895,14690.000000007803,4861922.722921488,0.0015107191986775046,2494.903767485708,ok,29380.0,-0.08952910146784232
194,2506.0,0.34972539126770325,10729.000000006521,2124016.855530893,0.0025256390908736065,2492.4512090970006,ok,21458.0,-0.08952910146784232
195,2480.0,0.5944709723715094,5236.5,418435.95163070277,0.006257230024801448,2463.6170074875636,ok,10473.0,-0.08956712719830229
196,2488.0,0.6109153555969253,5865.000000002625,506196.16164714337,0.005793208685066017,2471.0114155310366,ok,11730.0,-0.0895180197944887
197,2476.0,0.6253338972124743,8754.000000000002,762079.1215119442,0.005743498117775687,2450.8607087384958,ok,17508.0,-0.08953831140249768
198,2452.0,0.7093131735759909,3759.0000000015316,467415.6042138475,0.004021046758081433,2444.442442618183,ok,7518.0,-0.0896050823811465
199,2445.0,0.570265733160327,3892.0,234640.76384105327,0.008293529087376435,2428.8607923959657,ok,7784.0,-0.08960518916299876
200,2445.0,0.7575752800106015,4162.5,262621.85706768004,0.007924892555548577,2428.5063173687645,ok,8325.0,-0.08960518916299876
201,2435.0,0.4441921265899504,2900.0,31530.259055557723,0.0459875701447627,2368.318023290094,ok,5800.0,-0.08967325307439067
202,2369.0,0.4171780715161484,12455.0,1533275.1554381247,0.004061567147887769,2343.706590586529,ok,24910.0,-0.08954662376847189
203,2325.0,0.23646242039316762,13704.000000006608,1838031.746081747,0.003727900790946708,2299.456423780421,ok,27408.0,-0.08954374005944343
204,2294.0,0.17898556885219635,16221.00000000793,6723707.294699578,0.0012062541756387316,2284.2166755084772,ok,32442.0,-0.0895430860767168
205,2282.0,0.32178138983356736,11045.500000005219,3119213.181855702,0.0017705586883667182,2272.2216470038184,ok,22091.0,-0.08951675404973303
206,2282.0,0.28721962005285273,9391.0,2301160.781075277,0.0020404919285152714,2272.418870149657,ok,18782.0,-0.08951675404973303
207,2284.0,0.3929135698978498,6552.500000000002,738936.118570958,0.004433739152358665,2269.473962102085,ok,13105.0,-0.08950864901060651
208,2274.0,0.4208883951529029,5566.000000000001,264210.2349718058,0.010533278547278752,2244.685885802923,ok,11132.0,-0.08942855123920168
209,2145.0,0.4536248286994999,2818.5000000000005,33389.665230338906,0.04220617338563524,2085.5209501562936,ok,5637.0,-0.08931379897936953
210,2115.0,0.5809752605710873,2713.5000000000014,71194.84516437318,0.01905685723267695,2089.1446089495653,ok,5427.0,-0.08937762005703842
211,2016.0,0.5039145161294988,4185.0,489449.94448926445,0.004275207349718878,2007.0541286207133,ok,8370.0,-0.08937555416931131
212,2001.0,0.4728538410992547,2338.500000001038,83809.54253406778,0.013951275292133114,1984.687471364666,ok,4677.0,-0.08942378185733357
213,2127.0,0.09969099505532497,39226.50000002255,6852503.054821246,0.002862202299379041,2070.8629107516717,ok,78453.0,-0.08938860262267134
214,2045.0,0.22117271253814832,6253.000000001476,407679.32011594414,0.007669017891590774,2021.0228155619357,ok,12506.0,-0.08939649937387717
215,2011.0,0.41476688523037375,6902.000000002103,2355858.5501161525,0.0014648587453737001,2005.9447724697138,ok,13804.0,-0.08942298760716394
216,2086.0,0.16792404743425163,12256.50000000013,777894.3623614615,0.007877997703179743,2037.7216605754884,ok,24513.0,-0.08938336199064434
217,2050.0,0.3483985731807061,4714.500000000002,237982.27759990824,0.009905149340418406,2026.6510867172985,ok,9429.0,-0.08931728582753351
218,2059.0,0.2888431137221781,4833.000000000109,495215.125660938,0.004879697478494578,2047.2082110432177,ok,9666.0,-0.08929000031244261
219,2098.0,0.10117653658198865,81357.00000007045,49076848.977682464,0.0008288735085362477,2064.282668982979,ok,162714.0,-0.08915969492206832
220,2058.0,0.3502782914821638,2596.000000000001,96316.98153760862,0.013476335940751778,2040.5077159489042,ok,5192.0,-0.08920728386127585
221,2049.0,0.20129520107915336,13598.000000000002,1772506.550531001,0.0038358109299867927,2022.92032148702,ok,27196.0,-0.08921914823704702
222,2043.0,0.19227210900236377,7105.000000000001,458026.15571206075,0.007756107278365317,2015.4464288936072,ok,14210.0,-0.08916129634094849
223,2010.0,0.8081565383524509,9508.50000000001,7237554.984356399,0.0006568862012483595,2006.876998777715,ok,19017.0,-0.08910246544251521
224,2010.0,0.996612867391705,7931.5,4516424.616642088,0.0008780728865454842,2006.5177824501823,ok,15863.0,-0.08910246544251521
225,2001.0,0.4230409805734115,4450.0,535050.2870409772,0.004158487629835805,1991.7473650236152,ok,8900.0,-0.08895910590778655
226,1989.0,0.3906389713159744,4645.000000000001,565264.5233859135,0.004108695847544636,1979.4575538940776,ok,9290.0,-0.08892242079172963
227,1972.0,0.1448838329882084,1835.0,4831.932859165879,0.18988260531384643,1797.782709624546,ok,3670.0,-0.08897493486111463
228,1750.0,0.11567772843239388,69404.00000004719,29029448.004929446,0.0011954068156628712,1708.5169926828387,ok,138808.0,-0.08897848190018642
229,1714.0,0.06485662576602912,94246.50000005143,12074528.217922267,0.003902699066128356,1530.0921362319666,ok,188493.0,-0.08900315095233458
230,1569.0,0.20995995671830453,16017.000000000002,4427869.484786952,0.0018086576461919658,1554.5153652404715,ok,32034.0,-0.08945294817823202
231,1517.0,0.5009984200900809,4000.0000000000005,424873.14628820354,0.00470728738088649,1507.585425238227,ok,8000.0,-0.08947664914390607
232,1480.0,0.27453362284895616,1452.5000000006005,16710.08440182372,0.04346177927868744,1448.4358827988403,ok,2905.0,-0.08940176471547856
233,1440.0,0.5649429882750067,3553.500000000001,378879.3537350803,0.004689487517555095,1431.667953053184,ok,7107.0,-0.08927634681757546
234,1429.0,0.3705437924482019,1652.0000000000005,6091.682115418469,0.13559473136481254,1316.9987518926648,ok,3304.0,-0.08931748345132284
235,1430.0,0.19186687660845198,19949.500000012533,3745810.146626559,0.002662908585740639,1403.438152584367,ok,39899.0,-0.08897474706892794
236,1430.0,0.1172731139741511,74932.50000002784,23316801.077372544,0.001606834911688315,1369.7979214899353,ok,149865.0,-0.08897474706892794
237,1430.0,0.0848334240957582,45648.00000000023,11652835.131921887,0.0019586649722242986,1385.2954306739525,ok,91296.0,-0.08897474706892794
238,1404.0,0.11796379409313497,62624.50000000002,24809979.83137416,0.001262082847822521,1364.4813463482692,ok,125249.0,-0.08887354076538978
239,1359.0,0.1388470452012593,57542.00000005155,32895908.240526296,0.0008746072547886421,1333.8366746724535,ok,115084.0,-0.08891434224949002
240,1309.0,0.44536263724955655,4264.0,417931.9995135959,0.005101308352749484,1298.1240105919383,ok,8528.0,-0.08894665076234887
241,1286.0,0.8918741756159998,7470.000000003956,18811304.28577768,0.00019855082578329412,1285.2584126656989,ok,14940.0,-0.0888086865332931
242,1282.0,0.6690270097777985,1602.5,21526.89218476926,0.03722088600262055,1252.1767650904003,ok,3205.0,-0.08883332127573329
243,1190.0,0.41062041274365574,6331.500000003244,576555.6470604038,0.005490796970149105,1172.6175094917414,ok,12663.0,-0.08907437338532276
244,1198.0,0.4060944152721353,7484.0000000000455,752385.9226209279,0.004973511448705483,1179.389120158944,ok,14968.0,-0.08908330571446843
245,1198.0,0.41722413501107736,4355.500000000053,512941.3754255413,0.004245611885360863,1188.7541187166553,ok,8711.0,-0.08908330571446843
246,1158.0,0.4530133579830902,1114.5000000000175,8070.260238789521,0.06904981791313239,1119.5219889679065,ok,2229.0,-0.08909204048930564
247,1258.0,0.12367438060622794,64772.50000004211,17919599.342440158,0.0018073088232122793,1199.4680446242032,ok,129545.0,-0.08925021322245374
248,1149.0,0.45522433358046477,23594.000000009135,20418288.384042073,0.0005777663523072052,1142.1840903418292,ok,47188.0,-0.08923955720589483
249,1116.0,0.36229141825670896,4255.000000000001,389378.17445323075,0.005463839885189919,1104.3756806442584,ok,8510.0,-0.08927189612232755
250,1102.0,0.6121687639407402,5072.500000003004,3201381.752024926,0.0007922360394530527,1099.9906913449358,ok,10145.0,-0.08932453043796951
251,1102.0,0.4208096279530209,2151.5000000000014,39854.472950752315,0.026991951476294563,1072.963408199376,ok,4303.0,-0.08932453043796951
252,1078.0,0.3857960273595615,2473.5,123950.48849691113,0.009977774311319637,1065.6599876204755,ok,4947.0,-0.08920260660390245
253,1058.0,0.44638639438535577,1388.5,18199.52501133502,0.038146599956186085,1031.5167229804179,ok,2777.0,-0.08938004135716238
254,1040.0,0.5671667567967149,1003.0000000000102,16802.56809339582,0.029846628039979055,1025.0319160379504,ok,2006.0,-0.08940984737713986
255,1012.0,0.18788867122016292,20787.5,2982187.6563627156,0.0034852769837686683,975.7749023499543,ok,41575.0,-0.0891586421925048
256,959.0,0.4886168490570241,20583.500000016025,51160258.21734025,0.00020116688927343467,956.9296406673185,ok,41167.0,-0.08926404851461722
257,948.0,0.6159950243209322,4303.500000003236,1046509.1699973113,0.0020561214958175152,943.5757405713714,ok,8607.0,-0.08928947802198595
258,927.0,0.8035114368603485,9730.500000007716,40491555.96644411,0.0001201546812386206,926.4154174371033,ok,19461.0,-0.08923775137468626
259,927.0,0.6772046854676964,3902.000000000001,883706.76687267,0.0022077459097708963,922.692687730037,ok,7804.0,-0.08923775137468626
260,929.0,0.6067098896280533,2705.0,247412.65793585437,0.005466575604028541,921.6064564955515,ok,5410.0,-0.08926737074687097
261,921.0,1.033126380800423,1188.5000000002337,23824.293542124033,0.024943027122689535,906.1776061323388,ok,2377.0,-0.08924239036313386
262,862.0,0.8112844301016972,2417.0000000008436,275910.51069610566,0.004380043358810249,856.7067176008759,ok,4834.0,-0.08941927403010164
263,849.0,0.6338440475767152,1283.0000000000002,42537.251674613,0.015080899088336234,839.3256032348323,ok,2566.0,-0.08944780520353124
264,837.0,1.2094093289768975,1160.0000000003447,58698.5967779387,0.009880985778831425,831.2690282482761,ok,2320.0,-0.08950690752050727
265,837.0,0.4387356114287143,693.5000000000001,5826.773441861578,0.059509779032908126,816.364984120339,ok,1387.0,-0.08950690752050727
266,833.0,0.6774742647236307,662.5000000000018,10467.679691137282,0.03164502638349374,822.5175850104677,ok,1325.0,-0.08954965153685102
267,832.0,0.7249060699939222,1310.5,45492.275080823885,0.014403544312432157,822.5620775892788,ok,2621.0,-0.08952662684783697
268,873.0,0.17238020222791353,13646.000000008935,1605619.3241093736,0.0042494505998731304,844.0059985570467,ok,27292.0,-0.08955398798206149
269,859.0,0.16500252309338295,55012.500000000015,41970979.89119939,0.0006553635409824589,840.9734066008513,ok,110025.0,-0.08953718167396563
270,859.0,0.16122081714236147,33781.500000000015,10351585.733859446,0.0016317065263490335,831.43925299007,ok,67563.0,-0.08953718167396563
271,850.0,0.12204811627839446,15818.00000000845,2475112.510889744,0.003195410295575262,824.7274999722817,ok,31636.0,-0.08960092145427767
272,850.0,0.13553839584438393,23552.00000001423,5159124.955321859,0.002282557624013287,823.1206014196033,ok,47104.0,-0.08960092145427767
273,798.0,0.7208094912047466,500.0000000000001,2497.022810463047,0.10011922956908838,772.9701926077279,ok,1000.0,-0.08961112318269615
274,771.0,0.3718755751116457,15644.000000000116,7415536.0484099295,0.0010548124840789202,762.7492567495347,ok,31288.0,-0.08952118083994698
275,749.0,0.629024622685784,1975.5,208359.8318123172,0.004740597030668217,744.3174752829574,ok,3951.0,-0.08957065136944786
276,741.0,0.46428491829763036,341.5000000001547,4059.519167970631,0.04206163166989945,733.8179763923614,ok,683.0,-0.0895756262207259
277,723.0,0.7959502580001486,344.50000000000006,2570.7686921784994,0.0670033054798226,711.4586806311005,ok,689.0,-0.089660770576935
278,716.0,1.378294252952607,843.000000000249,95354.45531080698,0.004420349302255978,714.1368227690986,ok,1686.0,-0.08954677081707274
279,716.0,0.9897034152530737,3182.5000000000014,1810438.2694409103,0.0008789308240216342,714.6014013262755,ok,6365.0,-0.08954677081707274
280,716.0,1.0085637807877694,3330.5000000000005,1939095.9402755576,0.0008587764872342303,714.5699224546331,ok,6661.0,-0.08954677081707274
281,716.0,1.0439391543678112,1913.5000000008258,311181.3464756947,0.003074573752045711,713.0584015627289,ok,3827.0,-0.08954677081707274
282,726.0,0.5091613182360037,2966.5,403042.07479992433,0.003680136870911817,720.5414369862201,ok,5933.0,-0.08958457277749865
283,712.0,1.3437644572455347,1679.5000000009372,618316.8987332574,0.0013581223507247821,710.8595167559782,ok,3359.0,-0.08953946850862149
284,712.0,1.3412791369543893,1783.5,571496.0375926272,0.0015603782727110624,710.6085326753099,ok,3567.0,-0.08953946850862149
285,712.0,1.282759110525219,1468.000000000939,437950.7148056325,0.0016759876743807282,710.7698250470037,ok,2936.0,-0.08953946850862149
286,712.0,1.1903741977382658,1231.5,206705.91553257252,0.002978869755195616,710.1657609482384,ok,2463.0,-0.08953946850862149
287,705.0,0.35053838244221047,282.5,361.3750058898522,0.3908682053209105,649.7898659984214,ok,565.0,-0.08958465597777776
288,650.0,0.4061241373490791,15527.5,7096454.332764827,0.0010940322639933328,641.5062070104217,ok,31055.0,-0.08976370040790549
289,650.0,0.3932632912579453,9991.000000004582,2372677.7573375693,0.002105427078984314,639.482339026929,ok,19982.0,-0.08976370040790549
290,643.0,0.35265830318261326,8620.000000006456,2366089.1958032274,0.0018215712271743383,635.1490280108727,ok,17240.0,-0.08975400651653764
291,620.0,1.1918810099705877,470.5,9569.433032460061,0.02458348359845548,614.2167354834634,ok,941.0,-0.08976341605231308
292,620.0,1.0428730965382642,570.5000000001988,12921.849397715938,0.022075013507781644,613.7031023969031,ok,1141.0,-0.08976341605231308
293,620.0,0.9015279317206176,574.0000000002264,10197.78979357083,0.02814335319806764,611.9228576321515,ok,1148.0,-0.08976341605231308
294,620.0,1.1278256081112772,614.0,23016.81783692413,0.01333807315047275,615.9052115428049,ok,1228.0,-0.08976341605231308
295,614.0,1.1279518929361627,539.0,25562.498123498903,0.010542788059992307,611.158718617832,ok,1078.0,-0.08974628906369153
296,614.0,0.8960072930445708,310.50000000000006,3293.2610578588706,0.04714172283108845,606.6812475304735,ok,621.0,-0.08974628906369153
297,592.0,1.358784317204101,951.5000000003025,116259.94531613536,0.004092123032627329,590.053172467227,ok,1903.0,-0.08973763924648459
298,612.0,0.21063706000521837,5903.5,1268428.2353801639,0.0023270926313898425,605.131004325295,ok,11807.0,-0.0897019577509921
299,612.0,0.2467539119126167,9967.5,2436214.561324053,0.0020456942007978937,601.8047715267735,ok,19935.0,-0.0897019577509921
300,612.0,0.27350937215398224,4852.5,555227.1286862729,0.004369833307210274,601.3976919383811,ok,9705.0,-0.0897019577509921
301,662.0,0.14228708775105553,32284.000000000004,7955356.28311772,0.0020290731710225704,629.2467008733537,ok,64568.0,-0.08966842825137311
302,662.0,0.1235036638359815,50736.50000000001,16465411.354543692,0.001540699436761994,622.9151515133626,ok,101473.0,-0.08966842825137311
303,618.0,0.22150586556289004,25224.5,13414720.904221056,0.0009401798285666494,606.1422169571603,ok,50449.0,-0.08965768683112785
304,618.0,0.2544084316627395,19959.500000009964,9493710.699450914,0.0010511959249592659,607.5093274678826,ok,39919.0,-0.08965768683112785
305,618.0,0.23047223267355355,21449.0,10279534.448011322,0.0010432865470940429,606.8112734256899,ok,42898.0,-0.08965768683112785
306,594.0,1.2223710692307341,3336.0,2984954.4211105956,0.0005588025023777068,593.067917426034,ok,6672.0,-0.08965229491870019
307,594.0,1.323936878263346,1381.0000000006366,191960.832289071,0.003597087967197936,591.5162107586488,ok,2762.0,-0.08965229491870019
308,590.0,1.1277349778270724,718.5,23550.632394269458,0.015254367440570972,584.5198684969749,ok,1437.0,-0.08970796697325634
309,590.0,0.9291676286453329,922.0000000000002,35737.642535853345,0.012899563801319788,584.0533010875916,ok,1844.0,-0.08970796697325634
310,590.0,0.9252169390655067,745.5,17682.995255510123,0.02107957360243305,582.1425889396932,ok,1491.0,-0.08970796697325634
311,565.0,0.7166327117206799,3248.0,675012.9660388129,0.002405879711511528,561.0928513485053,ok,6496.0,-0.08989802473167563
312,530.0,1.0800798109631498,851.000000000004,158123.75668811414,0.002690930249268395,528.8550091789364,ok,1702.0,-0.09013720101058897
313,524.0,1.1393398315911214,529.0000000001526,8555.362086120685,0.030916283535114556,515.8226430049599,ok,1058.0,-0.09015509850811654
314,578.0,0.18129765022713207,29019.0,8810042.379262045,0.0016469273784827535,554.1039072019045,ok,58038.0,-0.09032796333311532
315,519.0,0.31742193396467167,11891.000000000004,4213342.450602504,0.0014111124528104284,510.61023091181556,ok,23782.0,-0.09027636515976978
316,494.0,0.8061503933388817,1692.0000000000005,970842.5919721898,0.0008714079985730933,493.2627888332072,ok,3384.0,-0.09010753481883826
317,494.0,0.8045246523952362,1706.0000000009434,1171952.106347234,0.0007278454429841171,493.3791478371342,ok,3412.0,-0.09010753481883826
318,494.0,0.7102944027878981,1701.5000000000005,1288031.8426200612,0.000660503857008255,493.43807634365027,ok,3403.0,-0.09010753481883826
319,494.0,0.7162227895886933,1663.0000000000118,985928.104398155,0.0008433677834019983,493.2987396881012,ok,3326.0,-0.09010753481883826
320,494.0,0.7815104461016155,1739.500000000029,993922.3535877739,0.0008750683560546427,493.23890929732147,ok,3479.0,-0.09010753481883826
321,494.0,0.8074413803724911,1816.0000000000007,1373874.4786235006,0.0006609046271168347,493.3998985985779,ok,3632.0,-0.09010753481883826
322,494.0,0.7341023209884202,1492.5000000008204,897700.3018976676,0.0008312907976335717,493.3796492422656,ok,2985.0,-0.09010753481883826
323,494.0,0.7396416341777885,1636.5,813464.9488611765,0.001005882307707938,493.17693680171794,ok,3273.0,-0.09010753481883826
324,494.0,0.7436713505676693,1614.0000000000036,1145409.9858418133,0.0007045512174463027,493.43142716752084,ok,3228.0,-0.09010753481883826
325,494.0,0.704018821072456,1792.5,1230007.44271395,0.0007286541275087483,493.3469437382203,ok,3585.0,-0.09010753481883826
326,489.0,1.0563442565252705,408.0000000000001,6287.474965154146,0.032445457219406795,482.38112672724105,ok,816.0,-0.09006548472601494
327,479.0,1.6135199008444994,136.0,1011.0154489371847,0.06725911070051799,474.42638047236477,ok,272.0,-0.08998426392978498
328,479.0,0.893925728215613,271.5,413.66685883189507,0.32816261951302644,434.4519244011066,ok,543.0,-0.08998426392978498
329,405.0,0.5903315512446614,6713.500000003911,3005353.349946614,0.0011169235724183926,401.25076679828237,ok,13427.0,-0.08976484669297768
330,405.0,0.6382590710983841,4026.0000000000005,970756.3522810774,0.0020736408216849313,400.8257610259482,ok,8052.0,-0.08976484669297768
331,389.0,0.9052843327999258,1474.000000000007,1220620.4005476604,0.0006037913176523438,388.55500579889025,ok,2948.0,-0.08979289163623827
332,385.0,1.1255229315330568,290.0,3870.1140548848907,0.03746659605987058,379.56734357131876,ok,580.0,-0.08980108427776923
333,381.0,1.0664830275285537,460.00000000000153,50688.29632258075,0.004537536604826464,379.95636658088995,ok,920.0,-0.08981106503674852
334,381.0,0.8829999867976737,705.5000000000213,100544.04078158064,0.0035084128035625297,379.7624073835433,ok,1411.0,-0.08981106503674852
335,381.0,0.9442989503550665,669.5,74428.39195153303,0.00449761161329383,379.4944245124499,ok,1339.0,-0.08981106503674852
336,369.0,1.1991212794408477,186.5000000001141,2252.8024979078523,0.041392887342169185,365.1401132553404,ok,373.0,-0.08985222112449476
337,369.0,1.3987436625014127,88.5,945.3795703646184,0.046806596405434754,366.9288081090595,ok,177.0,-0.08985222112449476
338,369.0,1.2277037295275404,212.5,3572.808553648766,0.029738509188098294,365.8402833987646,ok,425.0,-0.08985222112449476
339,369.0,1.2653873986326611,144.5,2382.03868377606,0.030331161492922403,366.8085735821363,ok,289.0,-0.08985222112449476
340,369.0,1.6184434828085001,107.00000000000065,1861.301464196208,0.02874332881003991,367.4622319086629,ok,214.0,-0.08985222112449476
341,387.0,0.40446078963378607,2899.5,438095.2522134723,0.0033092118498777405,382.20247012063976,ok,5799.0,-0.08974730130231823
342,387.0,0.3002592199176084,6936.000000000003,1524124.4191868303,0.002275404787392811,379.10889619732177,ok,13872.0,-0.08974730130231823
343,363.0,0.4713440899198669,56.00000000002896,25.121688884838086,1.0013317459678277,332.11406708086963,ok,112.0,-0.08974903801252987
344,342.0,0.3503164119753979,12313.0,3212808.200619746,0.0019162363936983291,330.2026906421963,ok,24626.0,-0.09015703220712012
345,325.0,0.7451574070435251,4799.500000000013,1834027.931646369,0.001308458807301697,321.8600259771777,ok,9599.0,-0.09018899360100363
346,335.0,0.4797502696453875,1049.000000000007,16171.392749444933,0.03243381742849616,317.98846275875366,ok,2098.0,-0.0903271102784644
347,306.0,0.539860864519573,839.0000000000001,47967.97447366976,0.00874541826297604,302.33129703868156,ok,1678.0,-0.0903466234810848
348,320.0,0.6560801718584551,846.5,27758.98939407867,0.015247313005216406,313.5465747705421,ok,1693.0,-0.09027800667275754
349,317.0,1.1242843161470564,710.0000000001604,98166.35247982551,0.0036163103857101897,315.7162098130726,ok,1420.0,-0.09018349733974373
350,317.0,1.4814235872951078,1362.0000000000002,208738.52591673037,0.003262454772108832,314.7782683001939,ok,2724.0,-0.09018349733974373
351,317.0,1.1088550756573627,756.0000000000001,104755.8874309911,0.0036083890774063748,315.63602892874036,ok,1512.0,-0.09018349733974373
352,317.0,1.003157560554504,1493.5000000005514,244338.28479919233,0.003056213645004453,314.7177724605921,ok,2987.0,-0.09018349733974373
353,313.0,0.7368061649172427,787.5,17739.03407106526,0.022196811755509225,304.2600053712683,ok,1575.0,-0.0901355084916231
354,301.0,0.558989608894451,651.5000000000184,19620.85687861952,0.01660223108578774,295.59182322380445,ok,1303.0,-0.09013351261344926
355,295.0,0.4739802088804506,2617.500000000732,279102.823305881,0.004689132071466184,288.8630984014669,ok,5235.0,-0.0900722024920304
356,295.0,2.3678290714762635,873.000000000355,234284.50434174156,0.001863119377982729,294.1867483915102,ok,1746.0,-0.0900722024920304
357,295.0,0.3659647604153907,531.5000000000002,7399.532880047463,0.03591442923601084,285.4557404305301,ok,1063.0,-0.0900722024920304
358,274.0,2.471866116253437,2589.5,39817204.934292786,3.251735027952425e-05,273.9578981607256,ok,5179.0,-0.08997753244358275
359,274.0,2.1571903344571184,1042.0000000010548,1293886.8155004787,0.00040266273197861073,273.79021271663896,ok,2084.0,-0.08997753244358275
360,274.0,1.9421935088264226,983.5000000009308,1084097.9295270047,0.0004536029325459716,273.7769407579203,ok,1967.0,-0.08997753244358275
361,271.0,4.507318327803605,183.5000000000588,25184.419916830957,0.003643125404636067,270.66574324412454,ok,367.0,-0.0900720962511703
362,271.0,0.37389736236708265,58.00000000006094,250.0556852965618,0.11597416777641734,267.6367491344804,ok,116.0,-0.0900720962511703
363,271.0,0.483783173234081,77.0,390.1575839831689,0.0986780767067208,267.2008940467913,ok,154.0,-0.0900720962511703
364,271.0,0.39164035134889236,69.50000000000001,577.8547692331666,0.06013621735114251,268.91026644704783,ok,139.0,-0.0900720962511703
365,275.0,1.18877261070643,1048.000000000805,754973.2859040705,0.0006940642931132582,274.63631031040836,ok,2096.0,-0.09006707063151165
366,275.0,1.0051346257623779,1397.5000000011146,1155781.3970079443,0.0006045693431382979,274.57755717148177,ok,2795.0,-0.09006707063151165
367,271.0,0.49588545997403155,35.0000000000395,177.65275608988443,0.09850677459327185,269.2761314446158,ok,70.0,-0.09005200776594346
368,271.0,0.36325544622296563,38.00000000000054,221.09725299732014,0.08593503420972201,269.3672343500152,ok,76.0,-0.09005200776594346
369,249.0,1.2148066708002392,81.00000000000003,3537.6462530802105,0.011448289937055428,248.53634425754927,ok,162.0,-0.08997449151342574
370,249.0,1.2569913515622855,1017.0000000000002,487742.96407186135,0.0010425573251838453,248.46985960014402,ok,2034.0,-0.08997449151342574
371,249.0,1.172142962254949,289.5000000001068,18050.556332614728,0.00801914341767468,247.83922899029116,ok,579.0,-0.08997449151342574
372,249.0,1.2548144587011625,738.5000000000001,173795.28223021363,0.0021246261421002336,248.21548179702947,ok,1477.0,-0.08997449151342574
373,249.0,1.122704420981731,97.5,398.03534868983843,0.1224765593318887,243.02926773257045,ok,195.0,-0.08999972012335
374,247.0,2.1755414504046424,235.50000000015393,123826.31306640305,0.0009509287411063624,246.88802814073463,ok,471.0,-0.09000511752626439
375,247.0,2.411526653850449,382.5000000001847,195173.36554308687,0.0009798980484243974,246.81259449823872,ok,765.0,-0.09000511752626439
376,247.0,2.5281172868052515,361.5,190108.79620767158,0.0009507713667417673,246.82814807546143,ok,723.0,-0.09000511752626439
377,247.0,2.7396827041007685,292.00000000019463,105132.25839164485,0.0013887269448375167,246.79724586605357,ok,584.0,-0.09000511752626439
378,247.0,2.1279568358411423,329.0,86211.77689817103,0.00190809197906104,246.68611886944444,ok,658.0,-0.09000511752626439
379,245.0,0.48102956787099144,53.5,186.78696198614978,0.14321128046390896,241.16909824759045,ok,107.0,-0.08990259749615159
380,229.0,1.0124242319765762,3099.0000000000027,3846024.606650685,0.00040288353780174724,228.37573195817617,ok,6198.0,-0.089842908176756
381,229.0,1.0655967378565132,673.5000000002864,73842.1704055401,0.004560402249158132,227.46428454259535,ok,1347.0,-0.089842908176756
382,219.0,1.611095475797612,168.5,7291.1757439898465,0.011555063676725624,218.02648588523587,ok,337.0,-0.0898756186118228
383,219.0,1.8400341370384794,184.50000000000006,24061.719365352328,0.0038338906126897734,218.64632359097936,ok,369.0,-0.0898756186118228
384,217.0,2.3042698666736507,58.00000000003096,936.6626784365047,0.03096098592123136,216.1021314082838,ok,116.0,-0.08994947194264213
385,217.0,2.480246712111724,107.50000000005997,6522.443287288151,0.008240776904076038,216.55705824140568,ok,215.0,-0.08994947194264213
386,217.0,1.5395415826717305,92.50000000002804,807.4261917775532,0.05728077745186144,214.35076404285059,ok,185.0,-0.08994947194264213
387,215.0,1.4453259359150799,79.5,1045.6137573514384,0.03801594969512221,213.4888659996189,ok,159.0,-0.08974889626304261
388,214.0,1.108286416812792,1212.000000000001,270234.97605115623,0.002242492844025057,212.6410493365208,ok,2424.0,-0.08972514207232507
389,214.0,0.8294100033904825,1445.5,229163.8491326028,0.0031538569575246997,211.72054988394902,ok,2891.0,-0.08972514207232507
390,201.0,2.1110975084058063,37.50000000002026,1264.9618375987861,0.014822581553608223,200.72207659586968,ok,75.0,-0.0896704009931244
391,201.0,0.6674839526681309,30.500000000000004,70.62726731610498,0.21592227165955463,197.70718535719178,ok,61.0,-0.0896704009931244
392,201.0,1.4906478750090506,47.5,652.7313300342128,0.03638556770172982,200.13584276708391,ok,95.0,-0.0896704009931244
393,201.0,1.1476879654629526,129.50000000006492,1952.7881804696592,0.03315771810154014,198.8530377529242,ok,259.0,-0.0896704009931244
394,201.0,0.985797256781148,30.500000000007894,36.51500307533739,0.4176365525299368,194.63104257391683,ok,61.0,-0.0896704009931244
395,191.0,1.3614877257962477,96.50000000000001,3559.2248821422118,0.013556322401005327,190.3459074441515,ok,193.0,-0.08964687119665271
396,191.0,1.867396224361322,107.50000000005211,7767.593073951247,0.006919775468192017,190.62806206858448,ok,215.0,-0.08964687119665271
397,191.0,1.6123265647812122,127.0,5333.455816809367,0.011905976571488239,190.2439704877105,ok,254.0,-0.08964687119665271
398,191.0,1.6076554204611764,107.50000000004829,4958.889813670322,0.010839119645661392,190.41739731904542,ok,215.0,-0.08964687119665271
399,191.0,1.3761975076924788,94.50000000000001,2420.183522167866,0.019523312826159597,190.07752346896396,ok,189.0,-0.08964687119665271
400,187.0,2.037024235334578,185.000000000128,19160.903729368354,0.0048275384766057325,186.55345269091364,ok,370.0,-0.08961090667226967
401,187.0,2.435148790193536,350.00000000000176,109425.17477068077,0.0015992663513377376,186.7201283885159,ok,700.0,-0.08961090667226967
402,187.0,2.33253886409019,317.5000000001593,70170.89711318619,0.0022623339095125816,186.6408544918647,ok,635.0,-0.08961090667226967
403,187.0,2.420917554379293,350.50000000000006,97899.97742828466,0.0017900923432630728,186.68628631684317,ok,701.0,-0.08961090667226967
404,187.0,2.2392453652296105,331.50000000018724,97848.02749304844,0.0016939534117013165,186.71922722201035,ok,663.0,-0.08961090667226967
405,187.0,2.384238499706309,259.5,59347.35458320109,0.0021862811057247553,186.71633002653223,ok,519.0,-0.08961090667226967
406,187.0,1.8082941653164213,362.5000000002036,43534.94565111693,0.004163322068956153,186.2453978750013,ok,725.0,-0.08961090667226967
407,187.0,1.7730077535976796,225.0000000001568,52417.35093683861,0.0021462358930659743,186.7585484620299,ok,450.0,-0.08961090667226967
408,187.0,2.086708914846043,215.00000000000003,35629.75261772683,0.0030171413524357634,186.67565730461314,ok,430.0,-0.08961090667226967
409,187.0,2.153999815535296,379.5000000001567,92444.51090338326,0.0020525826590006217,186.61052244045447,ok,759.0,-0.08961090667226967
410,187.0,2.135645091583842,326.0000000001711,123311.60981680744,0.001321854448597658,186.78453772487848,ok,652.0,-0.08961090667226967
411,187.0,2.2087484607734775,327.0000000001289,79589.31365926302,0.0020542958907779885,186.66412262185767,ok,654.0,-0.08961090667226967
412,187.0,2.3086382955764115,331.00000000000006,127793.5524117858,0.0012950575117179131,186.7856679818107,ok,662.0,-0.08961090667226967
413,187.0,1.6318896800015803,225.00000000000003,26164.577049044983,0.0042997064232729995,186.5162830273818,ok,450.0,-0.08961090667226967
414,183.0,2.8485047823995933,65.00000000001282,5169.630735549736,0.006286715949848278,182.79568173162988,ok,130.0,-0.0896161246846745
415,183.0,1.9853030049371432,79.50000000000001,2166.5649057249334,0.018347015542882913,182.2707061321704,ok,159.0,-0.0896161246846745
416,183.0,2.3162795358390382,90.5,6228.993136829565,0.007264416416267134,182.6712851571639,ok,181.0,-0.0896161246846745
417,183.0,2.195120086396305,93.50000000002869,7654.51137605473,0.006107509376269308,182.71447393665932,ok,187.0,-0.0896161246846745
418,183.0,2.2570865594348204,108.50000000003325,6994.778215527943,0.007755785577244641,182.57924863243434,ok,217.0,-0.0896161246846745
419,183.0,3.2801635929049886,82.00000000002203,11435.328696690018,0.003585380104716934,182.85299941570656,ok,164.0,-0.0896161246846745
420,183.0,2.019799512678828,88.00000000003378,9999.298493667384,0.004400308684442449,182.80638641788445,ok,176.0,-0.0896161246846745
421,182.0,4.19569140130992,59.5000000000233,6931.7620449153865,0.004291838035876316,181.87231781843263,ok,119.0,-0.08954986469563542
422,181.0,1.6480746350352053,1379.0000000008538,5375598.689265655,0.00012826478311657924,180.91156143204108,ok,2758.0,-0.08929786955012631
423,181.0,1.7971271919146645,394.0,294404.878472387,0.0006691465203368808,180.86817813549365,ok,788.0,-0.08929786955012631
424,181.0,1.6777600240363622,312.5000000001166,103204.45608071079,0.0015139850151224417,180.76343984138703,ok,625.0,-0.08929786955012631
425,181.0,2.027971079252782,262.5000000001555,82528.72899704929,0.0015903552810654633,180.79126586936002,ok,525.0,-0.08929786955012631
426,199.0,0.2876836956658093,6965.50000000002,2536721.7394897095,0.001372933398954749,194.21841620479032,ok,13931.0,-0.08922823572895489
427,199.0,0.3312482821398282,4086.5000000000123,841499.9339613058,0.0024281047657146457,194.03877493745355,ok,8173.0,-0.08922823572895489
428,179.0,0.9892211141476936,46.0000000000014,267.39691691122596,0.08601445471279144,177.02166754160575,ok,92.0,-0.08922632453796764
429,175.0,2.7407733397077516,18.500000000011408,190.88131885289795,0.04845943047540543,174.55175026810224,ok,37.0,-0.08917132318591436
430,173.0,1.0458136395262156,1554.0000000000002,665674.6015070505,0.001167236962685545,172.09305687999333,ok,3108.0,-0.08923739366609107
431,167.0,1.763059161428811,2.0000000000030456,0.04489783278259729,1.849026190983491,163.4554487222194,ok,4.0,-0.08920311863179631
432,163.0,1.3691842235856628,271.00000000000006,30704.756985506152,0.00441299698492847,162.4020389085422,ok,542.0,-0.089221116427606
433,163.0,0.6679537633883758,1179.0000000006628,322673.5920800181,0.0018269235985513945,161.92302853865334,ok,2358.0,-0.089221116427606
434,163.0,0.5304458313749234,876.0,174684.2180320053,0.0025073816337532594,161.90176684441607,ok,1752.0,-0.089221116427606
435,163.0,0.654616531023245,1112.0,273087.4678759436,0.0020359777192433307,161.8679963881007,ok,2224.0,-0.089221116427606
436,155.0,0.9494188126772226,21.5,25.525807968039267,0.42114239884042143,150.47271921246545,ok,43.0,-0.08919642500581038
437,146.0,1.331065196741551,230.50000000013387,72158.51257630775,0.0015971781552202849,145.81592521761075,ok,461.0,-0.08920556632367616
438,170.0,0.3409903397547674,2357.5000000000005,252131.5870394794,0.004675138144493687,164.48918091217809,ok,4715.0,-0.08926703068257291
439,159.0,1.6026352410744307,297.0,38400.00750101896,0.0038671867445874714,158.42572276842876,ok,594.0,-0.0892812966112837
440,159.0,1.5058427528742746,204.5,9870.139096124696,0.010359529790228217,157.94073807894918,ok,409.0,-0.0892812966112837
441,159.0,1.5029683930949123,269.5,26957.48700116034,0.004998611331768421,158.3264371230442,ok,539.0,-0.0892812966112837
442,159.0,1.1202694038776932,159.50000000000003,4743.612986461334,0.016812079785516472,157.65923663710507,ok,319.0,-0.0892812966112837
443,148.0,3.6500776048549812,33.00000000000001,5290.425949186148,0.0031188414994331943,147.94853911525934,ok,66.0,-0.08927449710446478
444,148.0,5.384750898655742,76.00000000000001,11794.666135607755,0.0032217953067174244,147.87757177834476,ok,152.0,-0.08927449710446478
445,148.0,4.22186324639986,157.0,147768.935685717,0.0005312347932650612,147.9582980687287,ok,314.0,-0.08927449710446478
446,148.0,4.62505538720884,122.00000000000003,154796.14141599002,0.00039406667015085483,147.9759619331208,ok,244.0,-0.08927449710446478
447,148.0,4.922383857243543,82.50000000000078,16004.449158213358,0.00257740829392002,147.89368190787582,ok,165.0,-0.08927449710446478
448,148.0,1.474135228374602,27.0,345.78058259747866,0.039042099757565854,147.47293165327287,ok,54.0,-0.08927449710446478
449,143.0,4.116435770654355,2.0000000000016467,44.95386808042345,0.02224502679528715,142.9777549732047,ok,4.0,-0.08924510372232497
450,143.0,0.7244454558590004,26.50000000000025,55.7070327280404,0.23785147675493892,139.848467932997,ok,53.0,-0.08924510372232497
451,136.0,0.600551112867898,2558.0000000015098,3949419.5569154737,0.00032384505661375303,135.58580217259075,ok,5116.0,-0.08929201101252726
452,136.0,1.7564126926729242,582.500000000116,411660.2579113544,0.0007075008927939185,135.79394036497374,ok,1165.0,-0.08929201101252726
453,135.0,1.393422802147025,19.00000000001917,141.54119539928615,0.06711826880654914,134.36237644633712,ok,38.0,-0.08926680110564789
454,135.0,1.5183203927894948,83.5,2606.902363112932,0.01601517593859781,134.33136640456354,ok,167.0,-0.08926680110564789
455,135.0,2.318788676217682,101.0,6833.1032249750815,0.007390492772803701,134.62678011497343,ok,202.0,-0.08926680110564789
456,132.0,5.322112431824437,8.000000000000002,431.80932631814625,0.009263347862600127,131.9629466085496,ok,16.0,-0.08927840426265599
457,132.0,4.608850148302889,101.50000000000236,55930.634211669654,0.0009073739412275865,131.9539507724827,ok,203.0,-0.08927840426265599
458,132.0,3.0547946793885035,571.0000000003236,4532909.655141921,6.298382754580249e-05,131.98201811723567,ok,1142.0,-0.08927840426265599
459,132.0,2.7810468720741466,649.5000000003234,5583866.547777999,5.815862489217086e-05,131.98111298656627,ok,1299.0,-0.08927840426265599
460,132.0,3.68253067509167,599.5000000000001,5143512.435278827,5.8277296647334875e-05,131.98253138032996,ok,1199.0,-0.08927840426265599
461,132.0,2.7990234315194815,596.5000000000001,4990155.87179267,5.976767212541125e-05,131.9821742917886,ok,1193.0,-0.08927840426265599
462,132.0,4.1842530479873075,121.50000000000003,178204.2009215439,0.0003409010544411676,131.97929026094272,ok,243.0,-0.08927840426265599
463,132.0,5.440732023241518,96.50000000000001,85054.69095696877,0.0005672820564877586,131.97262864077445,ok,193.0,-0.08927840426265599
464,132.0,3.392678990958647,584.0000000003452,4325949.793457315,6.749962758277993e-05,131.98029010874583,ok,1168.0,-0.08927840426265599
465,132.0,3.735926487745222,677.5000000000002,6427011.916571867,5.2707230731367235e-05,131.98214542558975,ok,1355.0,-0.08927840426265599
466,131.0,1.5895353622819133,39.00000000002627,908.2939749121026,0.021468820160235224,130.58135800687515,ok,78.0,-0.08926498587748899
467,131.0,2.434439886425945,693.5,1011479.1086602124,0.00034281479175511496,130.8811289709589,ok,1387.0,-0.08926498587748899
468,155.0,0.27327124193981495,8108.000000000002,2764435.8477617186,0.0014664836600503514,149.05487524215587,ok,16216.0,-0.08927819203643583
469,155.0,0.11892480854069755,17081.0,7287691.81395136,0.001171907404708072,144.99132481009073,ok,34162.0,-0.08927819203643583
470,155.0,0.13483631667550347,18396.000000000036,8333349.054785866,0.0011037579176786769,144.8476346731915,ok,36792.0,-0.08927819203643583
471,130.0,1.8593182893703057,16.500000000000004,442.2520163948454,0.018654522069232016,129.84610019292882,ok,33.0,-0.08926478026438955
472,130.0,1.6562569657473836,7.500000000007997,169.68994582141576,0.022099128984050444,129.9171282663097,ok,15.0,-0.08926478026438955
473,130.0,1.945580380257649,11.500000000009159,306.3307158830818,0.01877056299571082,129.89206926277458,ok,23.0,-0.08926478026438955
474,130.0,1.7585728465512604,16.500000000000004,242.08783238123254,0.03407854049850863,129.7188520408873,ok,33.0,-0.08926478026438955
475,130.0,1.7582789180229217,30.5000000000007,1299.80578501062,0.011732522024339007,129.82107903912885,ok,61.0,-0.08926478026438955
476,127.0,0.0,0.0,0.0,0.0,127.0,no_positive_direction,0.0,-0.08919935005827195
477,127.0,1.323652019680035,6.000000000003193,0.4265149027708155,1.1592565993267927,120.61764348711432,ok,12.0,-0.08919935005827195
478,119.0,1.5119248493023787,104.0,4461.272763791256,0.01165586655495362,118.39389493914241,ok,208.0,-0.08933166340924892
479,119.0,0.7368242370054692,49.50000000000001,489.64488593766674,0.05054683651521023,117.74896579624856,ok,99.0,-0.08933166340924892
480,119.0,0.8289747132813027,42.50000000000003,1817.3881672790035,0.011692603915109423,118.75153216680393,ok,85.0,-0.08933166340924892
481,119.0,1.1274179549332783,67.50000000003038,1204.7370167472359,0.028014412714850806,118.05451357087337,ok,135.0,-0.0893335932323156
482,119.0,0.9801644313353092,78.00000000000155,785.8625407044638,0.049626999608659746,117.06454701526222,ok,156.0,-0.0893335932323156
483,115.0,4.64806558024684,96.0,23886.469498289043,0.0020095058419344132,114.90354371958715,ok,192.0,-0.08931263475936646
484,115.0,1.905599871466978,153.50000000000003,22353.764795467694,0.003433426123171939,114.73648454504655,ok,307.0,-0.08931263475936646
485,115.0,1.691262493793269,170.00000000005377,25499.121862318694,0.003333448126526881,114.71665690924512,ok,340.0,-0.08931263475936646
486,115.0,1.6391239632257226,190.50000000000003,32198.469354953417,0.002958215154576804,114.71823000652657,ok,381.0,-0.08931263475936646
487,115.0,1.7091436708942833,153.50000000000003,24970.314958631185,0.003073649656688482,114.76409738884915,ok,307.0,-0.08931263475936646
488,115.0,2.2956891801573427,142.0,15239.784229472041,0.004658858611836113,114.66922103855963,ok,284.0,-0.08931263475936646
489,115.0,1.9626117662768945,127.50000000000001,16112.662722892093,0.003956515511829531,114.74777213612086,ok,255.0,-0.08931263475936646
490,112.0,5.199817266907338,0.5,7.867976081721295e-05,1.9993703320575675,111.00062935487719,ok,1.0,-0.08932025115843212
491,111.0,2.147677516233472,9.50000000000602,34661.85138580758,0.00013703826570406202,110.9993490682379,ok,19.0,-0.08933916454948765
492,111.0,2.976401397450387,101.00000000000071,36534.20858321826,0.0013822661543350686,110.93019555920607,ok,202.0,-0.08933916454948765
493,111.0,3.68192971401144,101.5,63519.52483085479,0.0007989669339489146,110.95945242810208,ok,203.0,-0.08933916454948765
494,111.0,3.4547467972000843,101.00000000000001,50706.13658024676,0.0009959346817929912,110.94970529856946,ok,202.0,-0.08933916454948765
495,111.0,3.235856464073189,59.500000000000014,3690.6804865190556,0.00806084409329602,110.76018988822445,ok,119.0,-0.08933916454948765
496,111.0,3.8127200683757314,108.50000000004927,75787.81025901494,0.0007158143217836487,110.96116707304323,ok,217.0,-0.08933916454948765
497,111.0,2.5615508218683134,67.50000000002534,6282.449185555365,0.005372108711616931,110.81869133098286,ok,135.0,-0.08933916454948765
498,108.0,0.0,0.0,0.0,0.0,108.0,no_positive_direction,0.0,-0.08934639723974858
499,108.0,0.0,0.0,0.0,0.0,108.0,no_positive_direction,0.0,-0.08934639723974858
500,108.0,0.0,0.0,0.0,0.0,108.0,no_positive_direction,0.0,-0.08934639723974858
501,108.0,0.0,0.0,0.0,0.0,108.0,no_positive_direction,0.0,-0.08934639723974858
502,108.0,2.6272500666716727,4.5,365.27373256609604,0.00615976403283492,107.98614053092612,ok,9.0,-0.08934639723974858
503,108.0,2.065954050982892,1.5,3.10938116936625,0.24120555157052812,107.8190958363221,ok,3.0,-0.08934639723974858
504,108.0,0.0,0.0,0.0,0.0,108.0,no_positive_direction,0.0,-0.08934639723974858
505,108.0,0.0,0.0,0.0,0.0,108.0,no_positive_direction,0.0,-0.08934639723974858
506,108.0,1.8359600498020876,3.0000000000000004,27.180095075972297,0.05518744492273788,107.9172188326159,ok,6.0,-0.08934639723974858
507,108.0,0.0,0.0,0.0,0.0,108.0,no_positive_direction,0.0,-0.08934639723974858
508,108.0,0.0,0.0,0.0,0.0,108.0,no_positive_direction,0.0,-0.08934639723974858
509,108.0,0.0,0.0,0.0,0.0,108.0,no_positive_direction,0.0,-0.08934639723974858
510,108.0,0.0,0.0,0.0,0.0,108.0,no_positive_direction,0.0,-0.08934639723974858
511,108.0,2.692637730668111,3.000000000003582,151.32314767539586,0.009912561449088076,107.98513115782636,ok,6.0,-0.08934639723974858
512,108.0,0.0,0.0,0.0,0.0,108.0,no_positive_direction,0.0,-0.08934639723974858
513,108.0,0.0,0.0,0.0,0.0,108.0,no_positive_direction,0.0,-0.08934639723974858
514,108.0,0.0,0.0,0.0,0.0,108.0,no_positive_direction,0.0,-0.08934639723974858
515,108.0,0.0,0.0,0.0,0.0,108.0,no_positive_direction,0.0,-0.08934639723974858
516,108.0,0.0,0.0,0.0,0.0,108.0,no_positive_direction,0.0,-0.08934639723974858
517,108.0,0.0,0.0,0.0,0.0,108.0,no_positive_direction,0.0,-0.08934639723974858
518,108.0,1.2546327160522064,238.00000000000003,1672.4453899433763,0.07115329487920019,99.53275790937518,ok,476.0,nan
519,90.0,4.990368857076305,0.5000000000005016,0.0006477577736396789,1.9949613657548824,89.00509730940328,ok,1.0,-0.08922327556573517
520,89.0,1.7016057598914835,147.00000000000006,17541.43251254375,0.00419007968405321,88.69202914322209,ok,294.0,-0.08928439455664705
521,89.0,1.4913380544142076,1105.5,797591.1642151291,0.0006930242269470657,88.61693085855501,ok,2211.0,-0.08928439455664705
522,86.0,0.0,0.0,0.0,0.0,86.0,no_positive_direction,0.0,-0.0892305473913595
523,86.0,0.0,0.0,0.0,0.0,86.0,no_positive_direction,0.0,-0.0892305473913595
524,86.0,0.0,0.0,0.0,0.0,86.0,no_positive_direction,0.0,-0.0892305473913595
525,86.0,0.0,0.0,0.0,0.0,86.0,no_positive_direction,0.0,-0.0892305473913595
526,86.0,0.0,0.0,0.0,0.0,86.0,no_positive_direction,0.0,-0.0892305473913595
527,86.0,0.0,0.0,0.0,0.0,86.0,no_positive_direction,0.0,-0.0892305473913595
528,86.0,1.3987380517443395,151.00000000000003,919.6955760371004,0.08209238140007576,79.80202520429428,ok,302.0,nan
529,86.0,0.0,0.0,0.0,0.0,86.0,no_positive_direction,0.0,-0.0892305473913595
530,86.0,0.0,0.0,0.0,0.0,86.0,no_positive_direction,0.0,-0.0892305473913595
531,86.0,0.0,0.0,0.0,0.0,86.0,no_positive_direction,0.0,-0.0892305473913595
532,86.0,0.0,0.0,0.0,0.0,86.0,no_positive_direction,0.0,-0.0892305473913595
533,86.0,0.0,0.0,0.0,0.0,86.0,no_positive_direction,0.0,-0.0892305473913595
534,86.0,0.0,0.0,0.0,0.0,86.0,no_positive_direction,0.0,-0.0892305473913595
535,86.0,1.250073525283392,151.00000000000006,966.7491795710835,0.07809678207691578,80.10369295319285,ok,302.0,nan
536,84.0,6.945743260990448,3.0,38.542617669873906,0.038917958630828704,83.94162306205376,ok,6.0,-0.08901076113837103
537,84.0,5.806017363388093,9.000000000000002,838.6576748029299,0.005365717306596429,83.97585427212032,ok,18.0,-0.08901076113837103
538,84.0,6.029146397805414,5.500000000000045,280.06550551956894,0.009819131402484953,83.97299738864317,ok,11.0,-0.08901076113837103
539,84.0,6.489997135284771,3.5,39.83516779173345,0.04393103122219453,83.92312069536115,ok,7.0,-0.08901076113837103
540,84.0,0.0,0.0,0.0,0.0,84.0,no_positive_direction,0.0,-0.08901076113837103
541,84.0,0.0,0.0,0.0,0.0,84.0,no_positive_direction,0.0,-0.08901076113837103
542,84.0,6.464293612035255,7.500000000000001,656.0616891316638,0.005715925898619909,83.97856527788016,ok,15.0,-0.08901076113837103
543,84.0,4.9866596942416095,5.0,149.00132778560632,0.01677837397259424,83.95805406506852,ok,10.0,-0.08901076113837103
544,84.0,4.586123083851715,2.0,41.1000597237535,0.02433086488733389,83.97566913511267,ok,4.0,-0.08901076113837103
545,84.0,7.495541944259294,1.5000000000022475,22.500000008976592,0.033333333320084625,83.9750000000099,ok,3.0,-0.08901076113837103
546,84.0,4.321969404616028,3.500000000002497,133.89195502155215,0.013070240103070844,83.97712707981961,ok,7.0,-0.08901076113837103
547,83.0,0.6540129921628725,8798.5,14158105.482453013,0.00031072306993702324,81.63305153457955,ok,17597.0,-0.08901007458330401
548,83.0,0.6796011220912795,5224.500000000002,4331919.804757772,0.0006030236287225244,81.4247515258696,ok,10449.0,-0.08901007458330401
549,132.0,0.14388341932543897,1836.5000000000005,59766.67079609132,0.015363914164348147,117.8920858185873,ok,3673.0,-0.08915839257145475
550,149.0,0.9045996234528836,4938.500000000032,3664903.912989097,0.0006737557269233,147.33632867129464,ok,9877.0,-0.08914277782488078
551,143.0,0.1532073151815875,651.5000000005073,7611.776777234127,0.04279552718552273,129.0593570193051,ok,1303.0,-0.08920103087087572
552,127.0,0.15108780941183605,12021.000000000073,1743941.224539473,0.003446503767113622,106.28478910776346,ok,24042.0,-0.08909138774709646
553,93.0,0.42975272814938303,3091.0000000014625,2172885.913061082,0.0007112660589821246,91.90073830584261,ok,6182.0,-0.08910065286848212
554,93.0,0.5507845135772634,3364.0000000020655,2722831.1889402876,0.0006177393614532743,91.96096239403496,ok,6728.0,-0.08910065286848212
555,93.0,0.5245874838272538,2776.000000001624,1445064.931954283,0.0009605104720960204,91.66681146472995,ok,5552.0,-0.08910065286848212
556,93.0,0.5010872540550353,4194.500000000003,3610770.626548694,0.0005808316885541492,91.78185074117981,ok,8389.0,-0.08910065286848212
557,83.0,0.5944618449197459,54.000000000033396,409.9573358234604,0.06586051191347307,81.22176617833513,ok,108.0,-0.08907704694160312
558,83.0,0.5924469167043328,33.00000000002319,78.51338462675308,0.21015525032389568,79.53243836965329,ok,66.0,-0.08907704694160312
559,72.0,0.0,0.0,0.0,0.0,72.0,no_positive_direction,0.0,-0.08901310278217878
560,72.0,0.0,0.0,0.0,0.0,72.0,no_positive_direction,0.0,-0.08901310278217878
561,72.0,0.0,0.0,0.0,0.0,72.0,no_positive_direction,0.0,-0.08901310278217878
562,72.0,0.0,0.0,0.0,0.0,72.0,no_positive_direction,0.0,-0.08901310278217878
563,72.0,0.0,0.0,0.0,0.0,72.0,no_positive_direction,0.0,-0.08901310278217878
564,72.0,0.0,0.0,0.0,0.0,72.0,no_positive_direction,0.0,-0.08901310278217878
565,72.0,1.550355828180301,91.00000000000003,138.38448875548454,0.3287940751827703,57.03986957918395,ok,182.0,nan
566,50.0,0.0,0.0,0.0,0.0,50.0,no_positive_direction,0.0,-0.08895081148139639
567,50.0,0.0,0.0,0.0,0.0,50.0,no_positive_direction,0.0,-0.08895081148139639
568,50.0,0.0,0.0,0.0,0.0,50.0,no_positive_direction,0.0,-0.08895081148139639
569,50.0,0.0,0.0,0.0,0.0,50.0,no_positive_direction,0.0,-0.08895081148139639
570,50.0,0.0,0.0,0.0,0.0,50.0,no_positive_direction,0.0,-0.08895081148139639
571,50.0,0.0,0.0,0.0,0.0,50.0,no_positive_direction,0.0,-0.08895081148139639
572,50.0,1.6981633439882764,83.00000000000001,306.53026502340083,0.1353863051559749,44.38146833602704,ok,166.0,nan
573,38.0,0.0,0.0,0.0,0.0,38.0,no_positive_direction,0.0,-0.08895840212630324
574,38.0,0.0,0.0,0.0,0.0,38.0,no_positive_direction,0.0,-0.08895840212630324
575,38.0,0.0,0.0,0.0,0.0,38.0,no_positive_direction,0.0,-0.08895840212630324
576,38.0,0.0,0.0,0.0,0.0,38.0,no_positive_direction,0.0,-0.08895840212630324
577,38.0,0.0,0.0,0.0,0.0,38.0,no_positive_direction,0.0,-0.08895840212630324
578,38.0,0.0,0.0,0.0,0.0,38.0,no_positive_direction,0.0,-0.08895840212630324
579,38.0,2.0186475051149597,78.0,923.8200490541672,0.04221601386539434,36.35357545924962,ok,156.0,nan
580,34.0,0.0,0.0,0.0,0.0,34.0,no_positive_direction,0.0,-0.08904991791059835
581,34.0,0.0,0.0,0.0,0.0,34.0,no_positive_direction,0.0,-0.08904991791059835
582,34.0,0.0,0.0,0.0,0.0,34.0,no_positive_direction,0.0,-0.08904991791059835
583,34.0,0.0,0.0,0.0,0.0,34.0,no_positive_direction,0.0,-0.08904991791059835
584,34.0,0.0,0.0,0.0,0.0,34.0,no_positive_direction,0.0,-0.08904991791059835
585,34.0,0.0,0.0,0.0,0.0,34.0,no_positive_direction,0.0,-0.08904991791059835
586,34.0,1.9315934916754272,43.00000000000001,133.4904518618529,0.16106020842786573,30.53720551880089,ok,86.0,nan
587,24.0,0.0,0.0,0.0,0.0,24.0,no_positive_direction,0.0,-0.08938030988807988
588,24.0,0.0,0.0,0.0,0.0,24.0,no_positive_direction,0.0,-0.08938030988807988
589,24.0,0.0,0.0,0.0,0.0,24.0,no_positive_direction,0.0,-0.08938030988807988
590,24.0,0.0,0.0,0.0,0.0,24.0,no_positive_direction,0.0,-0.08938030988807988
591,24.0,0.0,0.0,0.0,0.0,24.0,no_positive_direction,0.0,-0.08938030988807988
592,24.0,0.0,0.0,0.0,0.0,24.0,no_positive_direction,0.0,-0.08938030988807988
593,24.0,2.3299133180942393,24.0,31.529269315918505,0.3805987344572377,19.432815186513146,ok,48.0,nan
594,18.0,0.0,0.0,0.0,0.0,18.0,no_positive_direction,0.0,-0.08931292493651499
595,18.0,0.0,0.0,0.0,0.0,18.0,no_positive_direction,0.0,-0.08931292493651499
596,18.0,0.0,0.0,0.0,0.0,18.0,no_positive_direction,0.0,-0.08931292493651499
597,18.0,0.0,0.0,0.0,0.0,18.0,no_positive_direction,0.0,-0.08931292493651499
598,18.0,0.0,0.0,0.0,0.0,18.0,no_positive_direction,0.0,-0.08931292493651499
599,18.0,0.0,0.0,0.0,0.0,18.0,no_positive_direction,0.0,-0.08931292493651499
600,18.0,2.1885881010826003,27.0,74.05648708362344,0.18229328086756275,15.539040708287903,ok,54.0,nan
601,14.0,0.0,0.0,0.0,0.0,14.0,no_positive_direction,0.0,-0.08910145838958172
602,14.0,0.0,0.0,0.0,0.0,14.0,no_positive_direction,0.0,-0.08910145838958172
603,14.0,0.0,0.0,0.0,0.0,14.0,no_positive_direction,0.0,-0.08910145838958172
604,14.0,0.0,0.0,0.0,0.0,14.0,no_positive_direction,0.0,-0.08910145838958172
605,14.0,0.0,0.0,0.0,0.0,14.0,no_positive_direction,0.0,-0.08910145838958172
606,14.0,0.0,0.0,0.0,0.0,14.0,no_positive_direction,0.0,-0.08910145838958172
607,14.0,2.4439905618347426,15.000000000000004,21.144582727352812,0.35470078065423055,11.33974414509327,ok,30.0,nan
608,14.0,0.0,0.0,0.0,0.0,14.0,no_positive_direction,0.0,-0.08908426636214628
609,14.0,0.0,0.0,0.0,0.0,14.0,no_positive_direction,0.0,-0.08908426636214628
610,14.0,0.0,0.0,0.0,0.0,14.0,no_positive_direction,0.0,-0.08908426636214628
611,14.0,0.0,0.0,0.0,0.0,14.0,no_positive_direction,0.0,-0.08908426636214628
612,14.0,0.0,0.0,0.0,0.0,14.0,no_positive_direction,0.0,-0.08908426636214628
613,14.0,0.0,0.0,0.0,0.0,14.0,no_positive_direction,0.0,-0.08908426636214628
614,14.0,2.4570501533092446,17.000000000000004,26.75459005335837,0.31770249452702937,11.29952879652025,ok,34.0,nan
615,12.0,0.0,0.0,0.0,0.0,12.0,no_positive_direction,0.0,-0.08899397515634622
616,12.0,0.0,0.0,0.0,0.0,12.0,no_positive_direction,0.0,-0.08899397515634622
617,12.0,0.0,0.0,0.0,0.0,12.0,no_positive_direction,0.0,-0.08899397515634622
618,12.0,0.0,0.0,0.0,0.0,12.0,no_positive_direction,0.0,-0.08899397515634622
619,12.0,0.0,0.0,0.0,0.0,12.0,no_positive_direction,0.0,-0.08899397515634622
620,12.0,0.0,0.0,0.0,0.0,12.0,no_positive_direction,0.0,-0.08899397515634622
621,12.0,2.2110728968050335,17.000000000000004,26.032138368813758,0.3265194691106481,9.22458451255949,ok,34.0,nan
622,8.0,0.0,0.0,0.0,0.0,8.0,no_positive_direction,0.0,-0.08907858655579837
623,8.0,0.0,0.0,0.0,0.0,8.0,no_positive_direction,0.0,-0.08907858655579837
624,8.0,0.0,0.0,0.0,0.0,8.0,no_positive_direction,0.0,-0.08907858655579837
625,8.0,0.0,0.0,0.0,0.0,8.0,no_positive_direction,0.0,-0.08907858655579837
626,8.0,0.0,0.0,0.0,0.0,8.0,no_positive_direction,0.0,-0.08907858655579837
627,8.0,0.0,0.0,0.0,0.0,8.0,no_positive_direction,0.0,-0.08907858655579837
628,8.0,2.460480808294774,10.000000000000007,12.040165704356422,0.41527667664830253,5.923616616758487,ok,20.0,nan
629,6.0,0.0,0.0,0.0,0.0,6.0,no_positive_direction,0.0,-0.08907197750427942
630,6.0,0.0,0.0,0.0,0.0,6.0,no_positive_direction,0.0,-0.08907197750427942
631,6.0,0.0,0.0,0.0,0.0,6.0,no_positive_direction,0.0,-0.08907197750427942
632,6.0,0.0,0.0,0.0,0.0,6.0,no_positive_direction,0.0,-0.08907197750427942
633,6.0,0.0,0.0,0.0,0.0,6.0,no_positive_direction,0.0,-0.08907197750427942
634,6.0,0.0,0.0,0.0,0.0,6.0,no_positive_direction,0.0,-0.08907197750427942
635,6.0,2.496515023311867,9.000000000000002,21.406066795217797,0.21022077727073707,5.054006502281683,ok,18.0,nan
636,6.0,0.0,0.0,0.0,0.0,6.0,no_positive_direction,0.0,-0.08907197750427942
637,6.0,0.0,0.0,0.0,0.0,6.0,no_positive_direction,0.0,-0.08907197750427942
638,6.0,0.0,0.0,0.0,0.0,6.0,no_positive_direction,0.0,-0.08907197750427942
639,6.0,0.0,0.0,0.0,0.0,6.0,no_positive_direction,0.0,-0.08907197750427942
640,6.0,0.0,0.0,0.0,0.0,6.0,no_positive_direction,0.0,-0.08907197750427942
641,6.0,0.0,0.0,0.0,0.0,6.0,no_positive_direction,0.0,-0.08907197750427942
642,6.0,2.438787456879834,11.000000000000002,36.793845492196986,0.14948152133667048,5.177851632648313,ok,22.0,nan
643,4.0,0.0,0.0,0.0,0.0,4.0,no_positive_direction,0.0,-0.08906742958701486
644,4.0,0.0,0.0,0.0,0.0,4.0,no_positive_direction,0.0,-0.08906742958701486
645,4.0,0.0,0.0,0.0,0.0,4.0,no_positive_direction,0.0,-0.08906742958701486
646,4.0,0.0,0.0,0.0,0.0,4.0,no_positive_direction,0.0,-0.08906742958701486
647,4.0,0.0,0.0,0.0,0.0,4.0,no_positive_direction,0.0,-0.08906742958701486
648,4.0,0.0,0.0,0.0,0.0,4.0,no_positive_direction,0.0,-0.08906742958701486
649,4.0,2.489848796137489,2.0,0.9997607528619059,1.0002393043909847,2.999760695609015,ok,4.0,nan
650,2.0,0.0,0.0,0.0,0.0,2.0,no_positive_direction,0.0,-0.08906157991337027
651,2.0,0.0,0.0,0.0,0.0,2.0,no_positive_direction,0.0,-0.08906157991337027
652,2.0,0.0,0.0,0.0,0.0,2.0,no_positive_direction,0.0,-0.08906157991337027
653,2.0,0.0,0.0,0.0,0.0,2.0,no_positive_direction,0.0,-0.08906157991337027
654,2.0,0.0,0.0,0.0,0.0,2.0,no_positive_direction,0.0,-0.08906157991337027
655,2.0,0.0,0.0,0.0,0.0,2.0,no_positive_direction,0.0,-0.08906157991337027
656,2.0,0.0,0.0,0.0,0.0,2.0,no_positive_direction,0.0,nan
657,2.0,0.0,0.0,0.0,0.0,2.0,no_positive_direction,0.0,-0.08906157991337027
658,2.0,0.0,0.0,0.0,0.0,2.0,no_positive_direction,0.0,-0.08906157991337027
659,2.0,0.0,0.0,0.0,0.0,2.0,no_positive_direction,0.0,-0.08906157991337027
660,2.0,0.0,0.0,0.0,0.0,2.0,no_positive_direction,0.0,nan
661,2.0,0.0,0.0,0.0,0.0,2.0,no_positive_direction,0.0,-0.08906157991337027
662,2.0,0.0,0.0,0.0,0.0,2.0,no_positive_direction,0.0,-0.08906157991337027
663,2.0,0.0,0.0,0.0,0.0,2.0,no_positive_direction,0.0,-0.08906157991337027
664,2.0,0.0,0.0,0.0,0.0,2.0,no_positive_direction,0.0,nan
665,2.0,0.0,0.0,0.0,0.0,2.0,no_positive_direction,0.0,-0.08906157991337027
666,2.0,0.0,0.0,0.0,0.0,2.0,no_positive_direction,0.0,-0.08906157991337027
667,2.0,0.0,0.0,0.0,0.0,2.0,no_positive_direction,0.0,-0.08906157991337027
668,2.0,0.0,0.0,0.0,0.0,2.0,no_positive_direction,0.0,nan
669,2.0,0.0,0.0,0.0,0.0,2.0,no_positive_direction,0.0,-0.08906157991337027
670,2.0,0.0,0.0,0.0,0.0,2.0,no_positive_direction,0.0,-0.08906157991337027
671,2.0,0.0,0.0,0.0,0.0,2.0,no_positive_direction,0.0,-0.08906157991337027
672,2.0,0.0,0.0,0.0,0.0,2.0,no_positive_direction,0.0,nan
673,2.0,0.0,0.0,0.0,0.0,2.0,no_positive_direction,0.0,-0.08906157991337027
674,2.0,0.0,0.0,0.0,0.0,2.0,no_positive_direction,0.0,-0.08906157991337027
675,2.0,0.0,0.0,0.0,0.0,2.0,no_positive_direction,0.0,-0.08906157991337027
676,2.0,0.0,0.0,0.0,0.0,2.0,no_positive_direction,0.0,nan
677,2.0,0.0,0.0,0.0,0.0,2.0,no_positive_direction,0.0,-0.08906157991337027
678,2.0,0.0,0.0,0.0,0.0,2.0,no_positive_direction,0.0,-0.08906157991337027
679,2.0,0.0,0.0,0.0,0.0,2.0,no_positive_direction,0.0,-0.08906157991337027
680,2.0,0.0,0.0,0.0,0.0,2.0,no_positive_direction,0.0,nan
681,2.0,0.0,0.0,0.0,0.0,2.0,no_positive_direction,0.0,-0.08906157991337027
682,2.0,0.0,0.0,0.0,0.0,2.0,no_positive_direction,0.0,-0.08906157991337027
683,2.0,0.0,0.0,0.0,0.0,2.0,no_positive_direction,0.0,-0.08906157991337027
684,2.0,0.0,0.0,0.0,0.0,2.0,no_positive_direction,0.0,nan
685,2.0,0.0,0.0,0.0,0.0,2.0,no_positive_direction,0.0,-0.08906157991337027
686,2.0,0.0,0.0,0.0,0.0,2.0,no_positive_direction,0.0,-0.08906157991337027
687,2.0,0.0,0.0,0.0,0.0,2.0,no_positive_direction,0.0,-0.08906157991337027
688,2.0,0.0,0.0,0.0,0.0,2.0,no_positive_direction,0.0,nan
689,2.0,0.0,0.0,0.0,0.0,2.0,no_positive_direction,0.0,-0.08906157991337027
690,2.0,0.0,0.0,0.0,0.0,2.0,no_positive_direction,0.0,-0.08906157991337027
691,2.0,0.0,0.0,0.0,0.0,2.0,no_positive_direction,0.0,-0.08906157991337027
692,2.0,0.0,0.0,0.0,0.0,2.0,no_positive_direction,0.0,nan
693,2.0,0.0,0.0,0.0,0.0,2.0,no_positive_direction,0.0,-0.08906157991337027
694,2.0,0.0,0.0,0.0,0.0,2.0,no_positive_direction,0.0,-0.08906157991337027
695,2.0,0.0,0.0,0.0,0.0,2.0,no_positive_direction,0.0,-0.08906157991337027
696,2.0,0.0,0.0,0.0,0.0,2.0,no_positive_direction,0.0,nan
final,2.0,,,,,,rescue_exhausted,,
