round,old_loss,beta,direction_gain,interaction,step,expected_loss,status,max_gain_sum
0,447722986.40587693,0.0002219956124120443,230097805.13167584,83328335.70725067,1.000000304145124,300953497.686148,ok,460195610.2633465
1,299865371.9992448,0.00036315885906604924,138397884.16572377,27104734.4481728,1.00000000000055,188572222.28164753,ok,276795768.33144754
2,187784335.79147148,0.00040638770738581434,123537759.24582759,35258336.691759676,1.00000001556248,99504912.41226399,ok,247075518.49165508
3,99904530.29111853,0.0005351529541850613,88324868.40032604,37308272.36399821,1.0000000000821154,48887934.253665045,ok,176649736.8006521
4,48534264.84669615,0.000594578840200356,77184675.62436213,122966605.43208855,0.31384405283509814,36422289.13934004,ok,154369351.2486272
5,36012818.76187341,0.0009967907733511498,46545888.8187227,27840081.887097824,0.8359510041580351,16557777.513153657,ok,93091777.63739003
6,16376554.750380239,0.0007763629224605833,46519524.0749156,135193328.1758279,0.17204815024012826,12374755.716810066,ok,93039048.14978194
7,12331477.530487012,0.0017625036488849968,5712036.902163448,2722062.143265707,1.0000027248659025,9341502.04158353,ok,11424073.804326896
8,9229845.695514964,0.00213516271008923,4455311.243449552,1909943.754008522,1.0000095498362906,6684472.138055471,ok,8910622.486899104
9,6630175.664210714,0.0028442027773071484,3095659.509503814,1911917.6954578036,0.8095692395280035,5377100.306737397,ok,6191319.019007627
10,5388869.931786969,0.0033111431691450403,2854949.60286967,5692139.839002145,0.25077999518807975,5030887.807952036,ok,5709899.205735609
11,5005215.599986069,0.004460803006116196,1818638.677704292,662960.9806067187,1.0000000298549858,3849537.888178446,ok,3637277.355408584
12,3851646.467914438,0.004408882530244181,2106255.9249428487,2076683.6103957908,0.5071200818456457,3317584.129391991,ok,4212511.849885681
13,3327494.633105438,0.00481746232792882,1847132.5933464984,3352887.539741614,0.27545400366885636,3073094.599033173,ok,3694265.1866902616
14,3043862.957055137,0.006043005134557939,1337916.1519016193,1894071.9219396103,0.3531851500474006,2807596.89862503,ok,2675832.303803238
15,2810380.1498275097,0.007367807479475303,1057128.0890547493,1543515.0577493643,0.3424417804501929,2629377.7373376004,ok,2114256.1781094987
16,2614094.1187367,0.006557703980376792,1207535.7800445876,1039315.0614044523,0.5809286446849016,2263348.056681786,ok,2415071.56008796
17,2282086.1268197754,0.004650706322132873,1764021.0742908115,8633693.517662223,0.10215912058275506,2191980.7060002773,ok,3528042.148579048
18,2197066.773074263,0.008288499936076502,959989.6823301077,1175234.386523277,0.40842477608660993,2001024.9875486977,ok,1919979.364660215
19,1995845.7032153846,0.007985380920227518,1181673.5638232208,3400430.696844721,0.17375351377102058,1893185.7362930803,ok,2363347.127646441
20,1884693.3928863613,0.009597934085985737,694089.7484350356,679816.9636917082,0.5104975202926828,1707527.8451680327,ok,1388179.4968700712
21,1710747.943343498,0.008027387097799559,1266071.5595611245,7953744.247470886,0.07958965740969777,1660364.8425026822,ok,2532143.1191204977
22,1658824.2888871708,0.013259279132961734,579844.0565158536,625124.898850285,0.4637825637582899,1524363.5073317064,ok,1159688.1130311522
23,1507743.1676830105,0.008609373976599645,1112755.9376860613,6388253.909983967,0.08709390338625832,1459286.038618353,ok,2225511.8753721225
24,1455003.1488325216,0.01430738906517561,538542.7212831526,509534.2421404311,0.5284656817379573,1312702.4756585637,ok,1077085.4425658032
25,1298614.9411654952,0.009961217274940714,947363.9783870198,5633875.0188781945,0.08407747555745894,1258788.9552970694,ok,1894727.9567740394
26,1258614.830037702,0.017714165388042758,505525.61493220984,1644169.000748869,0.15373286283282261,1219756.8800282762,ok,1011051.229863848
27,1219227.751379563,0.01893134015980869,495874.23369157256,2436500.8612552653,0.10175950305966693,1193997.7935792892,ok,991748.4673826584
28,1194207.6007852731,0.022539282281223438,377171.3333302624,1372883.733150515,0.13736463045735262,1168302.600374264,ok,754342.6666601553
29,1164394.2413427671,0.023556976105788406,281221.3493649814,594320.1538592926,0.23659078994615548,1131127.0507447748,ok,562442.6987297386
30,1126246.6764824088,0.01344836547251156,486392.6110580934,3816624.6473947167,0.06372025755664917,1110750.1452572725,ok,972785.2221161865
31,1109658.096083998,0.027285509965057013,288784.1250850122,1653732.6379649898,0.0873128214486887,1097050.8177086164,ok,577568.2501697202
32,1102309.6902095878,0.017940937545636377,393440.6643132934,2153877.9558512806,0.09133309137698872,1084342.6141370132,ok,786881.3286265868
33,1080128.524570156,0.025401519958252,255632.05218581107,1025322.8624516458,0.12465929588976989,1064195.0687539857,ok,511264.10437162203
34,1064179.019566425,0.017295810546498886,332666.02316564944,1713445.5147727698,0.09707516822026473,1048032.214486439,ok,665332.0463312988
35,1051235.444199768,0.02033070593456938,432853.65377571376,4822979.219179078,0.04487409483897693,1041523.4862443033,ok,865707.3075514274
36,1044002.035380085,0.029429268911955256,268463.62687892327,790987.2277552177,0.16970161935535272,1021222.6792704028,ok,536927.2537578465
37,1022361.3827954539,0.021155093724177454,439324.1807578317,5482134.397409318,0.040068716754321304,1013559.804714399,ok,878648.3615156634
38,1014016.977482815,0.03153390990891663,223792.33962972087,491427.9499011512,0.22769598236601707,988538.6691738256,ok,447584.6792592345
39,987305.495794451,0.029716239281068216,510691.3409939734,10046955.423395358,0.02541522876695445,980815.8271641188,ok,1021382.6819879469
40,980540.0355842434,0.026280217931755244,264732.5126679528,3418859.8554451345,0.03871649085678663,975415.2786311419,ok,529465.0253356069
41,974564.8662242105,0.04585337720846055,124307.45846406606,242806.06923058382,0.2559809539728102,958654.6953224269,ok,248614.91692804854
42,961215.7374416738,0.015903543221102913,548826.0870333856,6655993.886062597,0.04122795907179295,949902.2477148013,ok,1097652.174066771
43,947009.5406401689,0.036681976935408145,224423.0164081093,994424.496966837,0.1128406515993107,934347.520937482,ok,448846.03281621845
44,934009.5766172579,0.03852966783302416,204054.9576434406,2158603.7157947756,0.04726549763403647,929187.1970584032,ok,408109.91528670746
45,928472.2554279022,0.043891840646158475,134889.7512480081,1493502.238632289,0.0451588714629369,925426.5209587641,ok,269779.50249601615
46,924918.257471357,0.05304748227018273,152730.18423111193,1446387.815105971,0.05279710691558958,920886.4015383131,ok,305460.36846222385
47,922737.4634492162,0.028472849799151836,233134.04788444695,2310262.484092443,0.05045618181693988,916855.9364953277,ok,466268.09576889384
48,918436.6404191296,0.029283638183216342,174473.45011004034,2731526.331908807,0.03193698850197743,915650.5621340972,ok,348946.9002198747
49,915017.5625934509,0.05030821033106503,115460.00459636824,290694.02377160056,0.1985937018902831,903552.74772692,ok,230920.0091927364
50,899507.7501125328,0.02501211441066171,261552.78478813748,5102961.234125878,0.025627549650878417,896156.2716232911,ok,523105.5695762748
51,896686.6521974877,0.05701936769453927,109850.38181833929,2365826.606782084,0.023216067801298847,895411.5052413411,ok,219700.76363667857
52,894082.4075591331,0.07220888876137235,93709.56198299347,681009.527657514,0.06880194635846629,890858.7074307185,ok,187419.12396589707
53,891033.515778288,0.030519395116021506,265277.67415867955,4388682.85433486,0.030222925985259476,887024.7820224682,ok,530555.3483173458
54,887482.1599479684,0.06243842768188647,120163.33799670756,4237906.289183849,0.014177205652634788,886630.3697706253,ok,240326.67599325845
55,887103.6665115291,0.05814546826986071,110411.23878391199,267830.87479166745,0.20612119284192962,875724.6183908816,ok,220822.47756782395
56,876861.1981754795,0.029206196957262835,320769.69948616205,3791348.2226804923,0.042302853845930445,870076.4613176965,ok,641539.3989719274
57,868295.622536926,0.07967886739125368,91671.59688238529,964309.6464823998,0.04753224092322634,866116.9443225107,ok,183343.19376477058
58,866336.6216822502,0.07024412842749579,107451.08380904357,2831153.71769863,0.01897655417601057,865317.0960256634,ok,214902.1676180871
59,865470.2782595176,0.03812137302826813,115849.13088599978,487014.3092377915,0.11893811812974353,858580.8394522441,ok,231698.26177199953
60,859454.7318167175,0.029057273346907844,201437.33530403418,3006559.9166885507,0.03349963760674008,856080.6929501413,ok,402874.6706080652
61,856276.5372377334,0.08860186627969345,113566.32102554213,3223652.7553510116,0.01761454003335671,855276.3279836606,ok,227132.64205108423
62,855482.76634956,0.10102244767233791,66340.14591912771,1320989.2259760266,0.025110025356229384,854649.8649764773,ok,132680.29183825542
63,854822.7640140986,0.0668652631519406,90792.46019372549,2188647.8008181704,0.020741678985487073,853881.1699822781,ok,181584.92038734653
64,852959.1623147371,0.06419034355368632,95469.77414600007,291051.6786855846,0.16400828639290127,845130.2452847357,ok,190939.54829200005
65,842512.9151965261,0.0407030606638158,211121.05515494882,4354200.361284982,0.024243378535369488,839953.7713680721,ok,422242.1103096091
66,837900.4936510227,0.10834488364539525,87995.57682916166,1059586.6579744155,0.04152353947027822,836073.5497471849,ok,175991.15365824653
67,836104.9513466188,0.06050493828875378,116332.06460115983,680590.1890399045,0.08546410635544661,831133.8433758077,ok,232664.1292023196
68,830848.2370988607,0.034698438646934095,278780.2932776916,9911131.866813442,0.014063998795695727,828887.8542444002,ok,557560.5865553832
69,828936.9293194821,0.06182356265833877,143941.34927336016,13001826.192902016,0.005535428144391783,828538.5408215272,ok,287882.69854650303
70,828614.4502478226,0.06935057564554434,129481.0929614124,2639492.9656173633,0.02452764501517197,827026.5171056556,ok,258962.1859226862
71,827004.6155994493,0.06849417489633292,78495.04234492347,169002.1936587287,0.23223083868198452,817890.1308413795,ok,156990.08468984693
72,815336.9303274164,0.01912275330015867,341674.2791759732,6504270.635217097,0.026265379958668414,810849.8279450859,ok,683348.558351376
73,811774.0517712506,0.06086152148861564,141257.30970287672,2249980.881925321,0.03139077999231755,809556.9632056558,ok,282514.61940575344
74,810011.7943380617,0.0746420754918013,95690.05638740445,1505486.3122733994,0.03178044715760489,808491.2579477977,ok,191380.11277474114
75,807613.5383895796,0.10144150910312556,79505.12025087423,812480.6533884467,0.0489273928673246,805668.5492628404,ok,159010.24050174843
76,806109.2425021227,0.04469551221814815,139637.97967404136,2045122.4609302785,0.0341392709585037,803725.6730900276,ok,279275.9593480827
77,803433.460677037,0.07333634278724827,122785.74008487369,7699526.748869689,0.007973590071811813,802943.9390979867,ok,245571.48016955858
78,803177.7815930679,0.09227635498887145,59858.055799652364,1739178.075046496,0.017208719641331752,802662.7413428023,ok,119716.11159930335
79,802970.1659891782,0.14570806080331397,40726.81816071686,371757.567963226,0.05477604448491756,801854.738987528,ok,81453.63632140661
80,800641.3905625882,0.08502521315974766,119281.01268795971,7192730.188549522,0.008291775832065083,800146.864853473,ok,238562.02537577544
81,799869.1690546591,0.1378157029915016,47548.41824570864,885451.041704965,0.026849829073639465,799230.8356033495,ok,95096.83649141727
82,799050.8532082133,0.1235906653200589,69629.59561376531,7035723.461981936,0.004948289681225683,798878.5795034716,ok,139259.19122753062
83,799118.9428067179,0.061677594801865944,81127.61263267454,662715.4810387287,0.0612084785657312,796636.0939372599,ok,162255.2252653483
84,796851.344617899,0.1044027361311096,43841.73619523777,389912.3354817687,0.05621999127197105,795618.9536047769,ok,87683.47239047501
85,795294.797190327,0.09722219188158479,70137.75179323109,543482.8483461537,0.06452618698700785,793031.9363467979,ok,140275.5035864619
86,794038.2655434156,0.04870347291700491,136973.81811706154,3452146.7965632332,0.019838933016032966,792679.5583421283,ok,273947.6362339123
87,793099.9965078657,0.10176411835467174,95446.09846202364,7443002.290365456,0.0064118009600489575,792794.0058149898,ok,190892.19692392342
88,792790.1542443681,0.08523723638881936,90766.72028914446,1241518.5689652916,0.036554717165765555,791131.1783502512,ok,181533.4405781977
89,789522.3935432622,0.07443699756037861,110575.83522189828,1624684.9576233947,0.0340299313731721,787640.949501196,ok,221151.67044379655
90,787455.5254274769,0.0907004642203491,101213.88836986182,4440755.090195731,0.011396022333377621,786878.8075613213,ok,202427.7767396436
91,786886.428351877,0.09720740370611522,44273.64338281096,75639.47168158922,0.29266229918411263,780407.8152190415,ok,88547.28676562152
92,781958.245063706,0.04502777832269762,141052.84020593253,4362490.845257667,0.016166548562418972,780818.0762681777,ok,282105.6804116927
93,781313.8697342551,0.08168650526670168,80372.246832319,522096.7370802519,0.0769706465527718,778220.7178324638,ok,160744.49366463794
94,778203.3864494228,0.101864883226813,82674.5193196081,3370513.1187845324,0.012264381773037278,777696.4105155037,ok,165349.0386392162
95,777588.1314697494,0.11192867447168645,42048.86915843513,119831.5280040965,0.17544994150870574,773899.395652572,ok,84097.73831687027
96,774589.329097231,0.09039852983455907,73771.91785866932,555980.4953646226,0.06634398011596458,772142.1677714649,ok,147543.83571733863
97,770821.211488754,0.08150470101997369,177420.69023791162,54884016.998327024,0.001616323840174816,770677.8268430681,ok,354841.3804754517
98,770789.0853495381,0.13774374156226943,46183.407928482775,974953.8428835154,0.023684920196781374,770242.1601839373,ok,92366.81585693469
99,769575.8218489701,0.16432979367799017,28429.920224125133,531872.0893413032,0.026726275728563006,769195.9089055446,ok,56859.840448250194
100,769285.163154163,0.12868420925727167,52470.16264544206,539767.9688328595,0.04860436861314531,768010.0235909577,ok,104940.32529086147
101,768367.993699025,0.03504212757855939,188389.14984570077,6267208.069099307,0.015029750709455475,766952.2727197515,ok,376778.2996911603
102,766615.4689651773,0.13852545001159514,61045.38900409443,1182039.9015414994,0.025822050898825444,765827.3103941762,ok,122090.77800818885
103,765801.9476524862,0.12312405555137702,71224.64335997378,3907557.185883709,0.009113704543759102,765477.3874745775,ok,142449.28671994756
104,765667.2691833558,0.14895919325644136,59375.490269172355,1240900.134907695,0.023924362887424874,764957.0087954466,ok,118750.98053828465
105,764869.9801427867,0.07986732352430947,55745.72417618613,2381305.6472052173,0.011704865404743662,764543.7320436006,ok,111491.44835237224
106,764544.6583183665,0.1469592007958399,37564.62838024815,180407.86090257147,0.10411028708038053,762589.2261959987,ok,75129.25676047301
107,762500.9162543645,0.049384507928328374,124884.4484063201,4886508.041669005,0.01277849615117643,761702.9985327136,ok,249768.8968126402
108,761696.6985655725,0.1144420017744993,54797.024812245436,1425759.973744975,0.019216777655888577,761170.1874445619,ok,109594.04962449086
109,761173.39788612,0.1671981034868082,37855.517583990506,1132836.6662479343,0.016708285806713723,760857.1474825429,ok,75711.035167981
110,760587.4752685174,0.1383126905049473,41176.64519017924,931175.9376594728,0.02211002428481854,760132.2669559564,ok,82353.29038031184
111,760081.7679667571,0.174205759819061,31518.28080183766,202047.06529221754,0.07799737342448716,758852.5964080576,ok,63036.56160367522
112,758577.1464237347,0.0759523257929605,116802.15977999514,5964340.614339685,0.009791707695162072,758005.30012037,ok,233604.3195598307
113,758092.4576907078,0.1111601071855365,55756.1124385278,1666091.876494998,0.016732604373482517,757625.9852052891,ok,111512.2248770556
114,757830.8809615329,0.19158408157507173,36013.881486277496,482881.55095139804,0.03729059581518604,757159.3914124126,ok,72027.76297255499
115,758075.6896149528,0.05228980542673839,119783.37250375535,4617864.670376132,0.012969562888251423,757298.9206236256,ok,239566.7450075107
116,757192.1562449941,0.16707660008500955,31915.392424269914,461427.46577038575,0.034583325432291846,756640.2860437402,ok,63830.78484853983
117,756861.9560349924,0.14123395719824244,39994.082928872376,1256887.9564033444,0.01590996346377512,756543.8038359096,ok,79988.16585774474
118,756344.6477081778,0.10857801190066622,58787.1257480761,2506346.527362424,0.011727653200840758,755999.930196454,ok,117574.25149615218
119,755981.8905652869,0.12042269606440299,52118.650470107554,2534125.3965747226,0.01028336059070997,755713.9131271442,ok,104237.30094021365
120,755664.428338201,0.12090990588708816,43171.95660295377,1903488.6217686133,0.011340219245135503,755419.6386116416,ok,86343.91320585439
121,754895.6375132187,0.19993857826305086,14011.323161628177,38310.68473203178,0.18286443141948375,753614.5511915258,ok,28022.646323256347
122,752196.561891829,0.10158016156176598,81575.62713661006,4247708.355719574,0.009602310270050415,751804.9046507092,ok,163151.25427312608
123,751705.9675740286,0.16860690094771116,45825.602104735815,1466975.073449829,0.015619080015098522,751348.0907010216,ok,91651.20420947163
124,751764.1129451158,0.1677157270920308,44843.9193483398,2864348.648200247,0.007827943601858057,751588.5951093432,ok,89687.83869667957
125,751550.8174633501,0.28437483477441905,40513.319911522325,2277026.0880243075,0.008896103589808727,751370.6121180002,ok,81026.63982304465
126,751398.5307239967,0.16704864549509038,22801.807155270093,287226.33464249206,0.039693099839976875,750945.9935200237,ok,45603.61431052064
127,751050.6095009289,0.06955505530849157,123719.13521786022,8842427.228471976,0.00699576779209975,750617.8543302171,ok,247438.27043570924
128,750515.3103600196,0.14380499239855288,46741.01795254044,4079449.0118791074,0.005728839583045827,750381.4244631203,ok,93482.03590508088
129,750185.921819691,0.1608421025164572,25572.170356730556,264450.4793355266,0.04834963888321295,749567.7192185869,ok,51144.340713461104
130,749195.2379698241,0.15523969378613,48408.79595963733,1897054.6199611775,0.012758935733918932,748886.4156115213,ok,96817.59191921726
131,749112.6848516411,0.1946631179740798,32812.3413430512,3054946.297358054,0.00537036303574757,749024.5777591086,ok,65624.68268604831
132,748983.3234251306,0.23913032240167578,19611.19317396141,209687.32035437596,0.04676294479994804,748524.7848532031,ok,39222.386347906
133,748466.9820182369,0.2621153378967028,28943.425175004544,2245828.633211092,0.006443818719512262,748373.7289257621,ok,57886.85034997755
134,748373.006221077,0.1936978967137852,15754.101741573562,29490.067436460053,0.26710860827154254,746268.9781256971,ok,31508.203483147125
135,747122.3363139675,0.07386031866321861,152301.05638637138,7552257.750616551,0.010083147412039653,746354.4993126909,ok,304602.11277274275
136,746157.9676981953,0.1775427612645283,50809.26105817128,3365595.9278905587,0.007548330540383201,745966.2051497054,ok,101618.52211629084
137,745969.9436676609,0.10913799157741104,59910.84011885632,4569449.37872597,0.006555586368653497,745773.568324252,ok,119821.68023765623
138,745710.8550084666,0.26809307410142946,21447.354436587782,692828.5120326036,0.015478111873359578,745544.8727327881,ok,42894.70887317552
139,745581.9108486216,0.14888813249585653,39634.44720864075,2206019.8282359284,0.008983248178765222,745403.88781077,ok,79268.89441728147
140,745405.7061728596,0.12454892088717945,101507.97570483289,34721984.08614681,0.0014617248751250364,745331.517806304,ok,203015.95140966467
141,745299.6211158672,0.30309281127840015,15882.414771772565,411256.8578454757,0.01930960477471256,745146.2795398117,ok,31764.82954352956
142,745298.3060155712,0.12026762652647062,29138.76702029136,1165028.3549065497,0.012505604218804043,745116.1070716813,ok,58277.53404058272
143,745073.2650059401,0.23025973487023005,23002.432269757923,978391.3706790295,0.011755230554514001,744938.0655586172,ok,46004.86453949995
144,745002.437747089,0.15995023607364597,38184.06720102531,3970535.1525820405,0.004808428301685504,744910.6350723875,ok,76368.13440205062
145,744909.5069537996,0.26753643857300774,10739.458365845252,17867.675007788217,0.3005275829441744,743295.7552213911,ok,21478.916731690497
146,742918.3305063148,0.10271594301242626,81912.55095996485,4485172.725939942,0.009131482326892855,742544.3390005939,ok,163825.10191992967
147,742531.9973341634,0.0912544011618393,70113.94179953307,6882542.430738388,0.005093607667886978,742353.4308783755,ok,140227.88359906612
148,742266.2745726244,0.2023453447458594,42696.917806060446,5063766.5739953555,0.004215924764909948,742176.2710760424,ok,85393.8356121172
149,742197.2516608775,0.32976096998843596,19647.317629809044,592246.67463175,0.016587106750768545,742034.3055834316,ok,39294.63525961809
150,741881.346065585,0.22502293846240004,20563.391476490717,584452.332792812,0.01759201762291573,741700.4702929644,ok,41126.782952964764
151,741845.071211437,0.2558210336177344,21417.85695634381,744910.8971710439,0.014376120041794687,741691.1183701159,ok,42835.71391266769
152,741579.5986798981,0.34500317211004605,18270.82209350625,1386829.4339687002,0.006587263597809753,741519.4213192587,ok,36541.64418700089
153,741512.9976888458,0.48041513177186446,19821.40954857096,1663553.4334942317,0.005957551212207483,741453.9541576039,ok,39642.81909712087
154,741492.5029697651,0.1779351933194297,30805.898710204427,2644921.864800195,0.005823593339406945,741402.8024564935,ok,61611.797420408206
155,741454.6102039333,0.2018840819100926,33345.6639406037,3419892.6999108335,0.004875250024872581,741373.3259794555,ok,66691.3278812074
156,741390.3461700284,0.2647455399898,21774.701874576655,2925369.777432039,0.0037217007645595867,741349.8267077211,ok,43549.40374911912
157,741342.4077099303,0.26576580957671747,16896.82825428765,1478714.3015740176,0.005713351198504613,741294.1389529515,ok,33793.65650855013
158,741023.8368591943,0.29038265072221076,14678.423352001206,946977.8002062376,0.007750141211760437,740966.9569323222,ok,29356.846704002397
159,740993.9349274369,0.1920316649157633,21395.51104110291,1342819.6798807716,0.007966635938416768,740908.7098038464,ok,42791.02208218359
160,740889.4724575591,0.3924078321275802,5909.881359390332,131399.69021335035,0.022488186044406222,740823.0212018039,ok,11819.762718774218
161,740758.2204839801,0.4250974873519962,9916.597302625476,164565.90322562528,0.030129562407072544,740608.8291153326,ok,19833.19460525093
162,740430.3866981367,0.25557730638004644,12530.245713270804,238026.3249621412,0.026321134259548344,740265.4815582746,ok,25060.49142654161
163,740276.7398394844,0.3974277372549525,7567.673395311568,65495.088192223986,0.0577728315526572,740058.1368793279,ok,15135.346790616983
164,739655.7009241035,0.30084139794658593,19815.397125352178,947340.9477502506,0.010458429550844323,739552.0819566748,ok,39630.79425070435
165,739595.2160359483,0.1858494268953794,30856.1202164731,1621016.6230218397,0.009517521220403112,739448.3791464784,ok,61712.240432917126
166,739559.0590986891,0.09035143498039568,68157.58234153852,6850513.145308445,0.004974633351971308,739389.5296075362,ok,136315.16468307452
167,739379.1720512338,0.2600597868317446,25040.454518484472,2272336.2263068273,0.005509848020858716,739310.1875018488,ok,50080.9090369687
168,739310.7363293946,0.5080197017985586,10269.820390776378,1068227.61295109,0.004806943888299671,739286.053104214,ok,20539.640781539078
169,739286.8242047305,0.5057947397539568,12213.581719639013,426283.5556711791,0.014325654317592492,739199.3404298829,ok,24427.163439270935
170,739138.9678006202,0.674945295045216,5023.4861542176295,117419.46788870325,0.021391197918641445,739085.2386073371,ok,10046.972308435257
171,739124.7979212455,0.5101713396145583,8381.861119656429,196793.3602225438,0.021296097363696115,739035.5474559988,ok,16763.722239312854
172,739075.429213203,0.3918404245775094,8162.8431640536755,145515.54212188174,0.028048011384298025,738960.9534542062,ok,16325.686328107351
173,738993.9430630761,0.3723819793937931,6006.029471923763,71507.9043750109,0.04199556345845471,738867.8297671654,ok,12012.058943847524
174,738973.0127803225,0.203575023269681,9060.37859855724,78919.18985286778,0.05740288651878502,738712.9668380673,ok,18120.75719711441
175,738863.4598020399,0.40587183786349346,10377.483096768592,397432.3286407685,0.013055660484716887,738795.7173540412,ok,20754.966193537184
176,738549.6153304685,0.2991938773355585,9944.054359167154,706696.6012924107,0.007035589488460402,738514.6341883076,ok,19888.108718334308
177,738522.8990278196,0.6727315208789625,3044.266424172172,39495.31286355462,0.03853959120021748,738464.2366360736,ok,6088.532848344344
178,738473.7230069118,0.44346743299929403,9873.358092511855,507483.73865658656,0.009727758093932878,738425.7001873624,ok,19746.71618502371
179,738398.2885368665,0.3123358337745756,5296.021188284939,31293.783749852395,0.08461778272993145,738174.2197517448,ok,10592.042376569878
180,738087.8658069745,0.3392790306358624,16835.65106649397,958394.5800666998,0.008783256613013341,738013.9298851923,ok,33671.30213298794
181,738005.5128849946,0.42280787351601135,8459.12457037776,122062.64446825118,0.03465075087971735,737858.9553759203,ok,16918.249140755495
182,737659.8835186133,0.3017924815791645,8617.532458266893,100551.81842998738,0.04285120146418407,737475.2477088666,ok,17235.06491653378
183,737558.2921795542,0.8222652205645775,3600.703895740297,567359.0089522889,0.003173214700855391,737552.5792762865,ok,7201.407791480593
184,737558.2921795542,0.6095120395551205,4374.2749790811495,107252.64157027588,0.020392388080320442,737513.6912230825,ok,8748.549958162297
185,737538.9129739002,0.41815792320182965,14687.949325445286,2154740.479955309,0.0034082873232487666,737513.8825981551,ok,29375.898650890573
186,737514.6812198043,0.5733643163813867,5686.297836813683,61633.07394661205,0.04613024690070855,737383.5260582227,ok,11372.595673627267
187,737207.4789343642,0.16615226773374356,28243.441202931343,1786849.0717820872,0.00790314124705652,737095.8729817993,ok,56486.88240586268
188,737215.4556422505,0.3443990301326525,14600.982919375458,3881033.137727188,0.0018810690866615598,737201.7229134482,ok,29201.9658387509
189,737177.6346413167,0.4541643079761168,8208.075764295498,247206.91282026016,0.01660163073648237,737109.5009198687,ok,16416.151528582173
190,737139.9498160735,0.2116831765953175,28509.222290607206,4271910.593811001,0.0033368233796735353,737092.3846963356,ok,57018.44458121402
191,737076.9322481112,0.4657581974463147,6947.206731547686,135593.97882460404,0.025617681521589396,736987.9465833545,ok,13894.413463090232
192,737070.0555621572,0.13435548319084717,47829.58704875751,6111401.551032668,0.003913143871283957,736976.4735344442,ok,95659.1740974459
193,736983.3503471215,0.21760977573084414,15734.500861042497,1887182.516499917,0.004168780900488803,736950.5535037874,ok,31469.001722065044
194,736941.820632975,1.2453632590235162,9152.123542757778,4087221.9073501606,0.0011196019876360602,736936.6972651201,ok,18304.247085515504
195,736931.3174553193,0.5939037582442472,7946.870207638285,417043.5983419112,0.009527625216204712,736893.4600548293,ok,15893.74041527657
196,736920.7650072316,0.5513301621481758,7395.651609647645,713060.4475729936,0.005185851798974292,736901.5886306294,ok,14791.303219295289
197,736900.9930682502,0.7923077441644771,5304.3639258242665,63798.57487737042,0.04157117879215938,736790.7387376806,ok,10608.727851645952
198,736727.1743515991,0.2935950480302022,16415.38012775095,1910185.948440726,0.0042968016127306165,736691.9075356958,ok,32830.760255501744
199,736611.4107678549,0.49969511090409363,4313.262758843399,37302.81440528434,0.05781417337551318,736486.726907378,ok,8626.525517684659
200,736247.4130009032,0.611707433909636,7923.387823507229,452911.37950768654,0.008747172385158361,736212.7593813199,ok,15846.775647009283
201,736231.9770267035,0.4238048915785285,8254.193327239102,1040271.6281199706,0.0039673259868465705,736215.6034888597,ok,16508.386654478203
202,736090.4426474767,0.21519722660185672,11216.978272744444,1487485.2698547572,0.003770450202118541,736069.2961184789,ok,22433.95654546998
203,735990.6810619786,0.47811530014010195,5969.004347481759,89657.02451328134,0.033287990427328655,735891.3329821887,ok,11938.008694963515
204,735923.4248493153,0.4802010823743343,4012.2451678216626,35174.18338240959,0.05703394907851882,735809.0077560194,ok,8024.490335643325
205,735769.7565699801,0.5939563133577175,6843.07127026844,343649.8741088282,0.009956458281869402,735735.6901931689,ok,13686.142540536659
206,735730.0312457024,0.35340432850295783,8861.620788894592,685803.4006693606,0.006460758856142618,735701.4048482067,ok,17723.241577783123
207,735680.1705675806,0.5840589500106146,6449.474091678493,885266.1441278259,0.0036426752194576397,735668.4238978544,ok,12898.948183353461
208,735653.7801337444,0.7151899107605227,3515.1770935457716,30434.444524205344,0.05774997948048724,735552.2794312331,ok,7030.354187090286
209,735450.5663868503,0.1809678868496144,40311.38311279947,4194119.458751441,0.004805702783296483,735353.7041238385,ok,80622.76622559853
210,735337.370679275,0.273983600505746,14950.856630125038,506959.64274395874,0.014745608298524865,735227.1409414774,ok,29901.713260246077
211,735195.9518199073,0.3445161064486754,10539.969488486482,749714.2098853722,0.007029324874406472,735158.9073850568,ok,21079.938976972964
212,735136.6725718724,0.538232088909342,4470.4395449972435,54698.41424275469,0.040864434617402044,735045.3315796236,ok,8940.879089991819
213,735229.6225099547,0.13536560167743114,16292.45208625905,655285.0650401826,0.012431575931964804,735128.3520823406,ok,32584.904172518094
214,735140.6714176125,0.5028308599276231,7839.981719298042,405112.59021809074,0.009676299760367135,735102.7404109966,ok,15679.96343859608
215,735121.6289369797,0.645342838446333,7529.7484586413875,418078.90565940377,0.009005176243902204,735087.7255810086,ok,15059.496917274892
216,735117.9680618645,0.5793727211183786,5994.1189302928005,208903.63439244957,0.014346612369204063,735074.9704114705,ok,11988.237860580213
217,735096.2019093137,0.5481546652676528,9046.368132440231,411277.80301429797,0.010997880345278124,735046.4564721738,ok,18092.73626487403
218,735027.4998867656,0.5421056267359845,4197.881642345682,152712.1816576814,0.013744422994871573,734998.6511562782,ok,8395.763284686867
219,735003.8835768694,0.6863995042538477,15994.005457080937,18421784.469502486,0.00043410575896051846,735000.4120319305,ok,31988.010914125785
220,735003.8835768694,0.42550966567767495,9460.774694232701,664185.309228684,0.007122089696036385,734970.1933338862,ok,18921.54938845531
221,734993.1291846427,0.3433221095896063,3012.87813177179,82106.23504079937,0.01834743811036191,734965.4898871144,ok,6025.756263541055
222,734975.8809631114,0.4507964272474698,14141.638667357467,4745322.865650289,0.0014900607469434566,734965.3450127736,ok,28283.27733469543
223,734975.8809631114,0.4794063567633229,15015.273651883424,5418862.129215504,0.0013854637093394001,734965.4794047461,ok,30030.547303766845
224,734975.8809631114,0.46960373573359354,14169.106446139644,5020177.970917914,0.0014112155513431822,734965.8831314286,ok,28338.212892261457
225,735026.837866105,0.21350388905200435,7337.7973199444705,259158.72077519944,0.014156956204281958,734974.8974284579,ok,14675.594639879771
226,734979.8790513054,0.39302127733295655,5568.104580336279,216867.51245979095,0.012837571928549353,734944.1385797776,ok,11136.209160668715
227,734965.8071603456,0.5824341122139373,6372.105141519115,944162.7985715528,0.0033744737407360413,734955.055909609,ok,12744.210283038226
228,734952.0373440867,0.9716168228760788,3231.419958397386,94732.89424043716,0.017055427179263987,734924.4807201937,ok,6462.83991679477
229,734956.1595660937,0.3505406348790544,12967.543684664299,1248799.401959886,0.005192004281997903,734922.4957949248,ok,25935.08736931252
230,734928.6288100326,0.5845235189741262,2884.3286510663197,5806.376175844269,0.2483759718381429,734570.4298441281,ok,5768.6573021326385
231,734854.9903279177,0.1421335488955373,38019.89096460877,1320908.8570001682,0.014391564854426565,734581.40746463,ok,76039.78192921754
232,734813.9627028004,0.25597258765199743,29227.67879027974,1658307.0206032023,0.008812505292188987,734685.1781657916,ok,58455.35758055948
233,734700.0516890831,0.3825207103712976,14785.59238558776,823717.1262243917,0.00897492107112021,734633.7019267579,ok,29571.18477117552
234,734604.4022552994,0.2596003497062285,9592.873545710907,257822.4274103033,0.018603644458060727,734515.1710509115,ok,19185.747091418638
235,734531.1321501742,0.46221116124847406,12726.614247062193,1652132.1817233143,0.003851572648923058,734506.6234105005,ok,25453.22849411499
236,734481.8352560902,0.7602085634129299,5158.586951384753,350984.94069014146,0.007348729750685922,734462.8807253896,ok,10317.173902765428
237,734473.0112002393,0.7986458561918667,4031.993461363697,80923.59789961015,0.024912346744429176,734422.787990649,ok,8063.986922727394
238,734460.2200896478,0.4157725190794178,9386.216656363535,905101.0725750582,0.005185175965850573,734435.8854971393,ok,18772.43331272707
239,734426.2272787469,0.31979242502427446,4385.356618766797,35360.221202289824,0.062009745268262265,734290.2598553268,ok,8770.713237530055
240,734269.7974207501,0.8182003193565508,2600.6656802129846,55882.65843585703,0.023268986775191344,734239.5399930904,ok,5201.331360425968
241,734263.9227701277,0.5401108865311013,6278.095266082663,379432.21657470264,0.008273012928050393,734237.9533884777,ok,12556.190532158955
242,734239.6277430034,0.3769859083225446,16527.753714656727,2096554.093397565,0.003941647336146887,734207.0544548024,ok,33055.50742931345
243,734237.2435162797,0.5175644199566689,7206.886677366616,230503.7043045967,0.01563290858840852,734180.9112159626,ok,14413.77335473323
244,734078.0654330731,0.6084602208737112,4223.713587294289,140999.42615262576,0.014977768713477963,734046.4345304618,ok,8447.427174588578
245,734062.4717808891,0.5926680856076133,4795.986731427789,63056.30960273587,0.03802939596087385,733971.2775416728,ok,9591.973462855578
246,734035.4356156241,0.5354422814011334,4505.578745336677,33181.30974320918,0.06789332278028565,733882.4862595894,ok,9011.157490673351
247,734035.8646274807,0.2815932675171724,12472.723800192984,1124333.5808730843,0.005546718523922179,734001.2732834077,ok,24945.447600385596
248,733997.1159735086,0.8011513415804217,4235.773632958911,243375.16552925858,0.008702148437675507,733978.6858080574,ok,8471.547265917821
249,733945.6184054437,1.0078388779806464,3055.5104718641787,194336.9039558963,0.007861374781800604,733933.6081489592,ok,6111.020943725289
250,733945.6184054437,0.6605535451551463,3281.633327728605,28261.19986344483,0.05805898800449229,733850.3542504389,ok,6563.26665545721
251,733883.6058957501,0.2811948097468019,25695.861454836777,5353388.275493473,0.002399962428698313,733852.7713447177,ok,51391.72290963667
252,733848.6068441864,0.1963010643043946,6961.477211964704,113999.21418011226,0.030533005258115056,733742.3294340278,ok,13922.954423929408
253,733806.8124741531,0.967779494948138,2197.5673089514776,44451.9830558803,0.024718439514711074,733779.6522568503,ok,4395.134617902955
254,733782.0238134767,0.49095049403191077,2217.7426858302306,6394.588678979301,0.17340776687643222,733589.7369101484,ok,4435.485371660461
255,733616.2109171434,0.16667668512443232,29097.27404659932,3280587.8139599604,0.0044347653068119415,733551.6911264111,ok,58194.54809319864
256,733523.5509948151,0.7342023571265145,5972.220924840919,757536.1946256736,0.003941871667130052,733511.7801305883,ok,11944.441849676048
257,733523.5509948151,0.8925960749033841,5464.788784461415,715140.2819374949,0.0038207809869526075,733513.1111142724,ok,10929.577568918865
258,733513.2820364623,0.967666100308876,3681.936554403995,222112.13108164273,0.008288463436179021,733498.0232382097,ok,7363.87310880799
259,733513.2820364623,0.6318064462507581,3955.820974519231,317720.2114203491,0.0062253215759157585,733500.9689076308,ok,7911.6419490384615
260,733516.7908209161,0.4965392049917526,19535.833774020197,22349510.7629581,0.0004370528281629935,733512.5217252154,ok,39071.667548040394
261,733502.4534396204,0.8456775543076218,1710.0986309011746,10096.207029395044,0.08469015274361119,733430.0391824916,ok,3420.19726180139
262,733454.9084381763,0.4418104159836252,3629.2023686662164,61979.315117963815,0.02927752881553175,733401.7813997132,ok,7258.404737332432
263,733435.7860998173,0.2663557364650251,4757.998217755082,77578.42887282779,0.030665729423025177,733362.8323568468,ok,9515.996435503981
264,733350.0460952368,0.8599092128808906,4105.019799668145,371626.54718410945,0.005523044344884296,733338.7099920417,ok,8210.03959933629
265,733350.0460952368,0.910819590371219,4582.70593229964,191154.72275609084,0.011986902196884433,733322.5798713331,ok,9165.411864599278
266,733267.0363764674,0.5935731056257239,4603.420270542893,275679.5047529546,0.008349224717789901,733247.8188813129,ok,9206.840541085787
267,733267.0363764674,0.580104574773486,4019.5972514507826,253857.2667658813,0.007917041931988179,733251.1247164727,ok,8039.194502901565
268,733267.0363764674,0.5455985228966564,4714.086198079167,190504.2618121134,0.012372652856261237,733237.8735004358,ok,9428.172396158325
269,733250.8776586589,0.5085662211991081,2327.2606975378876,5583.618348773301,0.20840076740284172,733008.3762010023,ok,4654.521395074985
270,732778.7390995477,0.16621455805050067,57231.715767743786,11902080.695307579,0.0024042735565684543,732709.9387491391,ok,114463.43153548757
271,732780.8221106656,0.2838299972791465,25688.10254900238,2013309.820320016,0.006379570170903764,732698.8825842813,ok,51376.205097984355
272,732647.7919536785,0.23272130352228187,9718.781254027032,577029.7597743933,0.008421386496449398,732606.8691470711,ok,19437.562508054005
273,732597.8653230399,1.236730167651478,4658.258145049574,542700.1874682679,0.004291741787284665,732587.8693024714,ok,9316.516290096257
274,732577.7809630785,0.5156409209992809,3855.290099270028,220887.46699240195,0.00872681947908489,732560.9587527105,ok,7710.580198540044
275,732561.4747995132,1.0526571122528827,2052.495820560374,42676.81579434942,0.02404696534121616,732536.7966515832,ok,4104.991641120746
276,732533.0321852448,0.9615413078552653,2943.9451354270614,61503.08617049222,0.02393331228343708,732497.8030061091,ok,5887.890270852361
277,732490.3618331548,0.5150703963929353,8879.638061674115,2232622.2146290215,0.0019886118671334596,732481.5327563421,ok,17759.27612333437
278,732490.3618331548,0.4420977280420457,9405.86742681851,1914405.6455033147,0.002456602509742814,732478.8085943912,ok,18811.73485363678
279,732468.6819593764,0.7221599218262509,2271.2000362086637,44082.27193283129,0.025760923117453198,732439.4278546179,ok,4542.4000724173275
280,732408.8522574202,0.5095181921417689,4173.597555340725,440551.5992264399,0.004736786295486276,732398.9675375688,ok,8347.19511068145
281,732393.4941060959,0.5905594387811818,1301.4864544677525,1949.4140028925253,0.3338147906336512,732176.2663919405,ok,2602.972908935505
282,732149.2655899739,0.3701633312671883,7770.992950711003,654052.0948533925,0.005940652902008434,732126.1832040618,ok,15541.985901422004
283,732109.2310402186,0.36415393447179417,5791.575105891898,474181.4597560858,0.006106918550623031,732091.5467014929,ok,11583.150211774862
284,732150.5705442843,0.15775691479491788,39176.10229839219,12755960.331294853,0.001535599879621742,732120.4911352976,ok,78352.20459678436
285,732150.5705442843,0.16629442703365863,12442.75220872027,706447.6211034467,0.008806563881753273,732095.7815981889,ok,24885.504417440505
286,732051.6258651791,1.7741017795117118,1152.1522546774445,30303.898433494032,0.019009967598822262,732040.6746766639,ok,2304.304509354885
287,732048.3981827083,0.7053958762741818,1098.0242093511815,5889.17691520185,0.09322391101181132,731997.2171271176,ok,2196.048418702363
288,731928.0979565812,0.579109296956505,4327.748780137274,537870.3133042742,0.004023041124495988,731919.3926009217,ok,8655.497560274425
289,731911.4341590711,0.7575272640979468,1368.0532781384884,2179.4766519952263,0.3138490327221649,731696.753060043,ok,2736.1065562769763
290,731760.45878519,0.13321091372189936,25835.19047765207,2186217.0959214657,0.005908651644397381,731684.1332148405,ok,51670.38095526676
291,731734.3401280332,0.18256763207765417,27081.574813249343,3258442.576921565,0.004155601053868324,731678.070017616,ok,54163.149626498685
292,731655.189347528,0.586092575542657,4560.725689216143,127603.90464881239,0.017870635313895898,731614.4378147486,ok,9121.451378432284
293,731516.2806661979,0.3041353140021572,10130.634968389919,656120.1526229335,0.0077201065444273175,731477.1758755386,ok,20261.269936773777
294,731485.815348447,0.1742122042059067,17895.817628480738,1422003.0139918006,0.006292468248096107,731429.5109163466,ok,35791.635256961476
295,731485.815348447,0.15929267789537424,16896.091740500724,1018743.6349256856,0.008292612175060728,731415.7589804078,ok,33792.18348100143
296,731397.8933036556,1.4133500524172833,3269.786155743915,358072.807787798,0.004565811874887835,731390.4286894265,ok,6539.572311485631
297,731404.9831005079,0.8181822893231938,3589.2458479074107,306996.7854502397,0.005845738486550345,731394.4922042125,ok,7178.4916958148215
298,731378.9527304487,1.1082143828599385,2607.358715903336,96641.01337047335,0.013489918125692793,731361.3662026477,ok,5214.717431805213
299,731373.215792248,0.9190934339251956,3200.5964777611607,267041.48638952844,0.00599269521944712,731363.6256926422,ok,6401.192955522321
300,731353.3171641872,0.5518047036900363,4459.754801996761,285667.0201163299,0.007805862224103872,731335.9110484184,ok,8919.509603991659
301,731342.5512664831,0.7086316697649685,5946.601046774628,1094166.7361988868,0.002717410815938803,731334.4715874818,ok,11893.202093543578
302,731342.5512664831,0.6358214633307662,8318.97006656076,3467865.8997693276,0.0011994365276803399,731337.5622281978,ok,16637.940133108004
303,731342.5512664831,0.7161393233230535,8410.949690082556,3259479.1644216185,0.0012902290927168797,731337.1252404894,ok,16821.899380165112
304,731322.2695438464,1.0611726860807453,2068.3028250668312,180638.03505529204,0.005724992592046681,731316.3490346706,ok,4136.6056501336625
305,731302.0452628245,1.4136024883588063,1660.1763059371417,16754.46995399013,0.04954428013826141,731260.9191428344,ok,3320.3526118742834
306,731281.3005960068,0.7857303482597784,1995.325084296187,31670.93406868145,0.031500887848289125,731249.8733401562,ok,3990.6501685909243
307,731140.2955748489,0.7612238270171535,3466.8338820726885,421555.90901669586,0.004111950286925504,731133.1678505609,ok,6933.667764145375
308,731140.2955748489,1.3009452260534151,5200.39507252449,1506499.7709802166,0.0017259860149666038,731135.8076702651,ok,10400.79014504898
309,731160.9703374401,0.2802450768682884,7324.563549230738,733343.506072687,0.0049939513260684335,731142.6810805154,ok,14649.127098461013
310,731109.3525330484,1.1006044470031293,1043.2399018707283,20921.745604971784,0.02493195170155438,731096.347529625,ok,2086.4798037406517
311,731080.9445018321,0.6103036295952813,8553.677997884884,2583252.5454890435,0.001655602355414608,731073.8637571118,ok,17107.355995769725
312,731060.3175983515,0.7786217815997091,1690.5673470221943,94047.00316643393,0.008987885260046066,731052.7202856818,ok,3381.134694042164
313,731038.4771342359,1.0728560381496373,379.6352793313987,12677.756127462231,0.014972494955516712,731035.6350905835,ok,759.2705586627974
314,731038.4771342359,0.7981269829470036,1148.711592616703,16716.874841658773,0.03435784509656349,731018.743506756,ok,2297.4231852327175
315,731054.4168192076,0.3880292512516412,1504.8719106410815,37247.46445968347,0.020200998007125423,731039.2168619737,ok,3009.743821280993
316,731054.4168192076,0.4596993622815463,1869.0733995810667,71421.11778167586,0.013084879218038541,731042.1885193661,ok,3738.146799160806
317,731030.4323344536,0.6043326548106421,719.6780840373442,260.63313893351597,1.0,730571.3873893498,ok,1439.3561680746882
318,730579.1348142746,0.10282050676075016,47384.94777164627,4946469.803851996,0.004789774288599305,730465.653212023,ok,94769.89554329254
319,730471.2579850958,0.6501620742389003,8315.28981415578,1547054.0148545653,0.0026874594339673006,730460.0844830672,ok,16630.579628303018
320,730449.2889928903,0.6442438900811841,5808.82345490784,721759.1985811756,0.004024073033171413,730437.6014279806,ok,11617.646909815678
321,730439.637060618,0.555587537190571,3928.5936483357923,325066.2887088467,0.006042757715572484,730427.767290828,ok,7857.187296666782
322,730439.637060618,0.5105272091293337,4412.570513067158,399179.7613257085,0.005527046885358932,730427.4428185626,ok,8825.141026129699
323,730439.637060618,0.6065099178900424,4266.953330499425,465597.84606431634,0.0045822305306691645,730429.860978706,ok,8533.90666099885
324,730429.5584788992,0.7831139405614818,1120.7376012676204,24983.909146640348,0.022429188216495116,730416.989861599,ok,2241.475202534399
325,730429.5584788992,0.6573510436860931,2114.862444889602,65676.93896446,0.01610049492436017,730412.5333128694,ok,4229.724889779204
326,730411.7624975238,0.5208628572583492,8033.516525825153,2031857.6598227504,0.001976889593369931,730403.8218099148,ok,16067.033051639737
327,730411.7624975238,0.5699957805571273,7378.970656672516,1306438.5833367647,0.00282407866347071,730401.3431007289,ok,14757.941313345025
328,730411.7624975238,0.5790257750585364,5294.667761625494,536603.7399382174,0.00493349875108502,730398.701879129,ok,10589.335523244756
329,730411.7624975238,0.5734612127031619,7327.404271404748,1437280.7758460387,0.0025490510951458167,730402.4235335825,ok,14654.808542809496
330,730407.89547734,0.6965151183610546,4311.282347446574,475574.8127715335,0.004532706770488408,730398.1245879971,ok,8622.564694893148
331,730407.89547734,1.0197851478986284,7504.513404264579,3412356.3282054276,0.0010996086988680977,730403.7694632299,ok,15009.02680852915
332,730407.89547734,0.6740183537582024,5717.962787456868,1438051.7389103482,0.0019880935548916784,730402.2115548576,ok,11435.925574907289
333,730407.89547734,0.7983818444199121,5546.816008481462,1039733.3051653133,0.0026674224923474684,730400.497626449,ok,11093.63201696291
334,730407.89547734,0.615721244350717,6903.934310169608,1613500.0678155858,0.002139427957854505,730400.5102422987,ok,13807.868620339214
335,730407.89547734,0.7622741487817488,5028.231560824941,998761.3039781792,0.0025172338679907433,730401.5668599495,ok,10056.46312164988
336,730411.6591993156,0.5403889605144997,3689.8931263690934,551691.5474142957,0.003344163186533424,730405.4893969379,ok,7379.786252738183
337,730393.504494372,1.5797679886035176,376.7852160018446,4166.031484150052,0.045221119599713706,730384.985169714,ok,753.5704320034409
338,730393.504494372,0.3619327667075347,742.0085034559971,339.7205134972477,1.0000000000000266,729991.2165044133,ok,1484.0170069119943
339,729886.2729432022,0.13022697100381686,80036.05921640746,20149946.49841683,0.001986011705358519,729806.7966679749,ok,160072.1184328149
340,729737.7589609798,0.5453243634710828,6299.931394531394,889475.07209574,0.003541376027372969,729726.6037479724,ok,12599.862789062754
341,729737.7589609798,0.5654830142176235,5099.315925566678,525976.8438535531,0.004847471885080242,729725.3995656886,ok,10198.631851133356
342,729704.0865437551,1.12449391114909,1562.5564058309117,116427.19397798981,0.006710444323369625,729698.8438198734,ok,3125.1128116618233
343,729738.5945686579,0.43614007762803103,14721.133371974664,4233641.51791202,0.0017385899715045955,729725.797561233,ok,29442.26674394931
344,729738.5945686579,0.4327808729463819,15186.013693597655,4568585.816708299,0.0016620037690940534,729725.9749626598,ok,30372.02738719531
345,729693.7525582546,1.5996438391306849,1226.6705592318256,51185.69502672789,0.0119825525333913,729686.4032360461,ok,2453.341118463651
346,729693.7525582546,1.3279645522806482,803.0207971265626,6359.090220160522,0.06313959775100439,729668.4013531966,ok,1606.0415942531233
347,729672.4053212195,0.3688657788116906,8100.24493981984,1245413.6469307132,0.0032520299419324114,729659.2342016789,ok,16200.489879639677
348,729650.5555342198,1.0727760043577599,2533.102104475644,318577.36728885473,0.003975646678909986,729645.5201747353,ok,5066.204208951287
349,729650.5555342198,1.1777073846207067,1883.6372823250292,183564.90403461165,0.00513071191966484,729645.7233340915,ok,3767.2745646483313
350,729642.5804366642,0.6107797266406159,2057.9134107063637,96840.0267508741,0.010625324464234458,729631.6474378102,ok,4115.8268214108575
351,729626.6902538002,1.686494529718289,497.16995666104117,11650.3643949249,0.021337098987119107,729621.3861715109,ok,994.3399133220818
352,729615.099391658,0.6653932019871884,2651.5017128361164,244266.5598513005,0.005427475857625052,729607.9039108916,ok,5303.003425672221
353,729615.099391658,0.594880571224166,2822.7173273792655,399491.4619085441,0.0035328881797547307,729610.1132193176,ok,5645.434654754844
354,729595.9240231218,0.9641554872429257,291.9725527098138,343.6611192355514,0.42479718590116483,729533.909463746,ok,583.945105419492
355,729523.9400959061,0.35738103978188934,16317.706251183172,3300057.47747084,0.0024723366733128906,729503.7686641115,ok,32635.4125023511
356,729482.3203123783,0.5704160224151298,6787.565719105433,1275964.4036728572,0.0026597786347203178,729473.2936012377,ok,13575.131438203398
357,729482.3203123783,0.5406787487837731,9339.714465234742,2532557.1940373187,0.001843929623233045,729473.7094242909,ok,18679.428930469476
358,729515.0728296814,0.3978549146401701,6009.632805233834,614251.2386420507,0.004891836130863623,729500.3737602365,ok,12019.265610462711
359,729515.0728296814,0.4859573885902272,8505.686730069569,1479365.555523872,0.002874775169095221,729502.8468611776,ok,17011.373460139137
360,729482.8301336075,1.1936329620673622,2307.2135560663714,288430.3797384688,0.003999602188504576,729478.2161654134,ok,4614.427112130135
361,729477.1461046278,1.1076939981392606,952.643477039259,35987.21654653356,0.013235859403122158,729470.841577066,ok,1905.2869540775941
362,729464.2615815335,1.1448264238244985,1289.051925636734,162741.8646715396,0.003960418937801947,729461.7089887045,ok,2578.103851273468
363,729456.3969238623,1.0822401508430446,741.2148377456945,21198.052179370323,0.017483088339291745,729449.9175616188,ok,1482.4296754913887
364,729458.3804804403,1.0704535404650883,2667.4660573794195,833315.7669010286,0.001600513372799431,729456.2458228922,ok,5334.93211475552
365,729439.5250768992,1.0787461278686796,341.26420144994194,931.9870231300654,0.18308420234426168,729408.2850348437,ok,682.5284028997304
366,729426.3607845544,1.4921137488258585,1155.2770395265659,319941.9031015867,0.0018054481584422952,729425.3178881526,ok,2310.554079051185
367,729426.3607845544,1.5947456147226615,801.3951208410755,123249.86798607952,0.003251099307187855,729425.0580769933,ok,1602.7902416821507
368,729426.3607845544,1.4998684821855943,1079.0286538591756,104723.5180853726,0.005151797196975043,729423.5813161572,ok,2158.05730771693
369,729426.3607845544,5.285482327632918,2116.364324029709,4684823.960629446,0.00022587447701507204,729426.121768212,ok,4232.728648059418
370,729426.3607845544,1.0809591075035943,764.19543180223,5833.172942894659,0.06550426665585925,729401.3317538834,ok,1528.39086360446
371,729371.7655980891,0.37725089809354667,15876.153882559294,2179510.2583029047,0.003642137911964086,729342.8540271132,ok,31752.307765118527
372,729342.7945103616,0.3493466042059645,18281.307592635523,5629797.091213405,0.0016236204694808373,729327.9535577535,ok,36562.61518527103
373,729317.3277769553,0.36736971345321073,12435.602895816983,2857246.4870418557,0.002176151576739136,729303.7968985307,ok,24871.20579163396
374,729317.3277769553,0.3237370530691465,12885.88435460613,2793081.6087582447,0.002306750421147732,729302.4655173743,ok,25771.768709212258
375,729290.7656962108,1.1226811224698068,1576.023549006882,110977.24795412543,0.007100660622159064,729285.1702920337,ok,3152.04709801224
376,729269.3078287683,0.6731976036250945,5049.9697267828915,1710924.6022314797,0.0014758013650035921,729265.5814526603,ok,10099.939453565781
377,729270.4845596013,0.6465675609869551,5312.581239372486,1845693.8691255583,0.0014391826641027552,729266.6616721906,ok,10625.162478744973
378,729258.5635677794,1.1288251602112327,783.5358012956794,35733.30701960462,0.010963662009589578,729254.2683569305,ok,1567.071602591359
379,729258.5635677794,0.929388664039327,636.0825687210845,15474.11412782868,0.020553117401956866,729252.0268279233,ok,1272.165137441689
380,729242.1772035713,2.148139706515487,238.30111598033386,5227.930972521453,0.02279114980982622,729239.4616253542,ok,476.60223196066767
381,729238.7270131648,1.3162483530119344,655.4792645539483,46067.43667194763,0.007114344881197793,729236.3953603896,ok,1310.9585291078963
382,729232.8857309732,1.4117467945612245,188.34684343267972,1409.7555860662749,0.06680124033352304,729226.5948295961,ok,376.6936868653594
383,729225.8402099664,1.412765591267815,1043.8214091625932,57201.090757946215,0.00912413902717046,729221.0782241381,ok,2087.642818325186
384,729225.8402099664,1.7166625114645115,562.5469209020323,41336.17730413968,0.006804534884333573,729223.9262748928,ok,1125.0938418040632
385,729225.8402099664,1.3010742292305912,1052.9467570190673,89529.85817214535,0.005880422344657871,729222.7443241475,ok,2105.89351403684
386,729225.8402099664,1.436064648265708,911.8798126452658,49135.77509123124,0.009279184168278234,729221.609459606,ok,1823.7596252905314
387,729225.8402099664,1.5205289389911336,725.9034150669153,41840.44942297302,0.008674660825564041,729222.6917270075,ok,1451.8068301338303
388,729232.3724357451,0.653557215342771,2961.9230764345184,501551.1657566344,0.0029527626278828354,729227.9995078617,ok,5923.846152865994
389,729232.3724357451,0.5564841827195636,4312.089052089285,710121.2888634155,0.003036163765059768,729225.8263314792,ok,8624.178104178567
390,729232.3724357451,0.5341039291778304,4437.009810223311,818604.1923582949,0.002710106942795424,729226.3600501991,ok,8874.019620446446
391,729213.9249128129,1.6101099073172787,651.7215806040736,46775.47833491046,0.006966487610642636,729211.6548076544,ok,1303.443161208147
392,729213.9249128129,1.7948589745827515,926.857553419737,107549.06997615345,0.004308998458216545,729211.9279989285,ok,1853.7151068387927
393,729222.7840977674,0.5627836043017516,4602.250717937454,1291578.564293885,0.0017816379294176103,729218.6843255475,ok,9204.501435874907
394,729207.1767442968,1.2176699413317027,202.62187942336166,680.9456437858679,0.14877977506166315,729192.1037254751,ok,405.2437588466321
395,729214.7128039277,0.5052084461406281,8111.226781410684,1554073.5985360765,0.0026096662310753456,729204.1290066157,ok,16222.453562821192
396,729214.7128039277,0.45366858232900964,8222.108625352248,1139112.5472625638,0.003608997480148493,729199.8760192725,ok,16444.21725069362
397,729175.9982926026,1.1041940249849937,222.49994155270244,585.4917366284344,0.19001117149319025,729154.8595553269,ok,444.9998831052718
398,729159.3016130009,1.457695337318699,327.63625175682074,5959.10776199277,0.027490378160845402,729154.7981907709,ok,655.2725035136415
399,729154.423648574,0.19698657943808728,316.18539279296874,128.09318378871365,1.0003752201844947,728966.3089447587,ok,632.3707855858829
400,728919.6870798675,0.2805377122001301,21526.805494792563,3406779.8477437645,0.003159406603430699,728885.681114152,ok,43053.61098958454
401,728881.5269612035,0.30846171023552904,10932.717629051376,1981921.1054370792,0.002758111208125096,728866.4501356896,ok,21865.435258102745
402,728881.5269612035,0.3058402033030007,12382.980961247178,2316395.970662291,0.0026728981396273764,728864.9777378163,ok,24765.96192247839
403,728984.9290084669,0.1435905598545521,11246.302665468567,626679.4152909861,0.008972931287559981,728934.4728579387,ok,22492.60533093682
404,728919.856093762,1.0376823395344263,3682.384654077871,1048819.9433228213,0.0017554894324432445,728916.6239000888,ok,7364.769308151831
405,728915.9914796341,2.0978999997099916,832.3142059827792,139452.07469697166,0.0029842302733444157,728914.7495710088,ok,1664.6284119655577
406,728915.9914796341,1.007651474449134,1872.4926774013159,353528.87491321156,0.0026482881742842046,728913.5120295271,ok,3744.9853548003343
407,728915.9914796341,1.2399239836357683,1110.652602346855,53190.7414598173,0.010440281258213823,728910.1937168597,ok,2221.305204693701
408,728915.9914796341,1.3329276467751665,1362.5254608410423,106115.22632234047,0.006420028058471894,728911.6177537896,ok,2725.0509216814726
409,728904.0390887678,2.0300902179661535,931.9552788601366,68623.53821643416,0.006790347037490332,728900.8749388844,ok,1863.9105577198034
410,728895.7134195323,1.4801846520404485,331.0578193541151,2769.253308140501,0.05977384199216032,728885.81912064,ok,662.1156387082285
411,728873.0156254936,1.6096201915005832,1711.5819790379544,809498.3152021255,0.0010571868692590086,728872.1108944967,ok,3423.1639580727992
412,728873.0156254936,1.4379581004421471,1686.0070885075324,411485.9687530826,0.0020486811416882632,728871.2885800301,ok,3372.0141770132786
413,728945.2152016776,0.21856952928643936,5783.752780149982,203855.8185399998,0.014185890845728095,728904.1913588686,ok,11567.505560299962
414,728905.8255721251,0.691627399079812,5187.328496977145,1035690.7848647442,0.0025042843736678526,728899.3302992771,ok,10374.656993954153
415,728905.8255721251,0.753227145056619,3930.4909786803187,613269.9435520851,0.003204535800266642,728899.5278725983,ok,7860.981957360635
416,728913.5803745926,1.6174957645195294,1969.5083363681752,266480.46604270046,0.003695408458293119,728909.9413057101,ok,3939.01667273635
417,728908.9760773528,0.965849355420729,1328.5733289737639,76422.32609061367,0.008692311507232058,728903.201890735,ok,2657.1466579468365
418,728891.9420965496,1.3202016990361587,1603.2021290514078,497570.7933839378,0.0016110291745101866,728890.6506938483,ok,3206.4042581028143
419,728891.9420965496,2.0240819302745057,992.8366015331961,101301.72717188578,0.004900393257108935,728889.5094516558,ok,1985.6732030655908
420,728885.1827725654,1.3365979008878957,941.7492415140341,72303.76827780854,0.006512449239821126,728882.1162254994,ok,1883.4984830280682
421,728885.1827725654,1.536472272107728,743.8695302036929,48450.53236028755,0.007676587789295429,728882.3275826891,ok,1487.7390604067052
422,728880.6694864861,1.3075313904719565,455.1458091708023,23385.003474218254,0.009731574546751645,728878.4548438004,ok,910.2916183416045
423,728876.1902152607,1.296870856782791,339.30713341329,10288.468703202143,0.01648968098176191,728873.3926820683,ok,678.6142668260933
424,728869.7171288359,1.657929459933567,156.37295609617166,1462.5583683298366,0.05345870615568704,728865.5373808804,ok,312.7459121922416
425,728856.0539790442,2.035878162369623,110.01775345919582,1918.7903308312962,0.028668518829655494,728854.4769560258,ok,220.0355069183916
426,728848.0525345111,2.1124948800095726,555.2366764837527,31572.04272346567,0.008793169978689366,728845.6113892738,ok,1110.4733529672037
427,728830.7839408637,3.1519217072358288,262.069388536762,13629.33074445562,0.009614169376708802,728829.5241511188,ok,524.1387770735239
428,728828.0315334076,2.6695205519919876,146.07097740635933,2367.698612918557,0.030846615487581868,728825.7786357707,ok,292.1419548127186
429,728822.4185624757,1.2562078582834737,1116.7456925722083,351310.83679678006,0.0015893982986044395,728821.5310856239,ok,2233.4913851443926
430,728822.4185624757,1.7709478080175765,407.7307584066503,30226.739186708674,0.0067445376077141985,728821.0435847588,ok,815.461516812952
431,728822.4185624757,1.026419302217028,1054.1756540042668,133646.42525056849,0.0039438976838618535,728820.3397820155,ok,2108.3513080085063
432,728822.4185624757,1.326435935805299,1025.184023971758,218533.7678978167,0.002345596366716012,728821.2162285148,ok,2050.3680479420827
433,728822.4185624757,1.4292638131214082,1803.2405943342746,586277.7706750614,0.0015378722207546418,728821.031985667,ok,3606.4811886685493
434,728822.4185624757,1.2542522437589394,1668.8528475398339,673580.630353122,0.001238792189336668,728821.3848815394,ok,3337.7056950796677
435,728822.4185624757,1.263885154769003,1417.1683457486336,429235.37481169513,0.0016508056289283508,728821.2488277345,ok,2834.336691497266
436,728816.1729547024,2.1773153664666576,556.7808230303646,114399.46003466698,0.0024334941041751455,728815.4954932773,ok,1113.5616460598578
437,728813.2262296246,5.016352372728485,796.7378155696009,3945423.8102666363,0.00010096986456769982,728813.18600637,ok,1593.4756311392016
438,728813.2262296246,2.0926821822042045,190.93486284206892,2532.157690906455,0.03770200875082913,728809.6269156897,ok,381.86972568413785
439,728813.2262296246,1.91325023254723,225.59613897393407,2537.9914724415107,0.04444383313016294,728808.2130510468,ok,451.1922779477401
440,728771.4345077173,1.6964668025455962,1202.2709067525363,344982.6879464742,0.0017425090428582243,728770.3870237538,ok,2404.541813504089
441,728771.4345077173,1.143316625934886,1660.7728242199116,376916.77528309723,0.002203102824187816,728769.6050810677,ok,3321.5456484398233
442,728765.0201179865,1.6455988735775446,34.093740747397995,147.2472761425534,0.11577036139667221,728763.0465956426,ok,68.1874814947564
443,728757.0538885575,1.249481550330879,906.7126199398102,177981.1032017917,0.002547215978630597,728755.8990921207,ok,1813.4252398796118
444,728757.0538885575,0.7986665948027868,1540.3028885256936,343943.86568902485,0.0022391777295402483,728755.3293825951,ok,3080.6057770513853
445,728749.2933352685,0.3113698875530371,67.86711429766954,18.698333095353924,1.0243780067948165,728699.3928574555,ok,135.7342285953391
446,728731.0432220852,0.27722409243572615,17262.39341179549,3808147.338355446,0.002266508078341617,728711.4805450256,ok,34524.78682359004
447,728731.0432220852,0.25968405930581906,22119.684623056797,5159265.133639392,0.0021436855879757213,728707.3343975168,ok,44239.369246071714
448,728731.0999923241,0.40666941137074397,2679.713614514503,150191.4321780995,0.008920993613460102,728719.1471383036,ok,5359.427229029006
449,728722.5397941328,0.9952966589480376,216.70533925820692,1927.805335636711,0.05620519231176264,728716.4498114988,ok,433.41067851641384
450,728710.3496923805,0.8323812740694515,455.2974975502854,9161.272110944128,0.02484903253808952,728704.692841215,ok,910.5949951005705
451,728695.2735381013,1.6269060653755438,387.0129977973441,19043.98311927149,0.010161030793125093,728693.3073126073,ok,774.0259955946881
452,728689.6879278321,1.301861323676483,84.98705681081925,1075.326841795776,0.0395168489744441,728688.0087174878,ok,169.9741136216385
453,728689.6879278321,1.471892072445093,244.2466183207963,3155.7170348498344,0.03869906832955618,728684.9618695462,ok,488.4932366415926
454,728686.818786274,1.9388971504636652,97.4967638494887,871.5842336109056,0.05593077529957558,728684.0922514782,ok,194.99352769897737
455,728679.9684657569,2.65556716267825,994.7987317564688,386803.68895302253,0.0012859219807974576,728679.328848979,ok,1989.5974635121527
456,728679.9684657569,5.16959638314684,1820.3359194583943,3447930.4571616477,0.00026397515003201416,728679.7282040332,ok,3640.671838916788
457,728679.9684657569,1.8337991302024657,1382.5865719497253,652808.5700830554,0.0010589525285902893,728679.2364189837,ok,2765.1731438994498
458,728679.9684657569,4.812167014724826,2106.84914644951,2508092.3540942264,0.0004200102805246138,728679.5260166064,ok,4213.69829289902
459,728679.9684657569,2.4379848032304037,1078.6871134017947,467189.9870580838,0.0011544416011506748,728679.3458251177,ok,2157.374226803589
460,728679.9684657569,1.9317711335682064,1792.352697133158,992072.7608328718,0.0009033373195472224,728679.1589162162,ok,3584.705394266304
461,728679.9684657569,2.241120743353127,1841.6455466954767,1281303.9688963722,0.0007186606735799563,728679.3067066424,ok,3683.291093390943
462,728679.9684657569,1.7538193092023122,1420.370737830813,667467.4869372689,0.0010639999442881513,728679.2128285639,ok,2840.741475661625
463,728679.9684657569,3.0648693562042224,1392.5973508575164,975212.6726463565,0.000713996746514038,728679.4713107679,ok,2785.194701715029
464,728676.3189176118,2.7231660081085276,521.2271088936968,35177.919673968085,0.007408441342246407,728674.3881773807,ok,1042.454217787117
465,728676.3189176118,3.81347155891286,492.59319164124713,61812.74678426227,0.003984559959456962,728675.3375340579,ok,985.1863832824941
466,728671.8993877076,1.6678480587391165,268.7987541206318,12322.002371027911,0.010907267586339883,728670.4334577385,ok,537.5975082412637
467,728667.6827131495,1.858320531376464,271.4333356637544,16580.26737654459,0.008185433005976121,728666.5718134571,ok,542.8666713275088
468,728662.1884504018,1.9835634718937316,795.044203927489,63262.820482640396,0.0062836607494100956,728659.6905563726,ok,1590.088407854978
469,728780.6213027065,0.21366122188281308,2167.680915237868,24464.288325808375,0.044302962881431804,728732.6039591433,ok,4335.361830475735
470,728741.6859152217,0.3296285461679894,1169.8079448190902,14104.87361117906,0.041468217903489,728717.4309898411,ok,2339.61588963818
471,728741.6859152217,0.30043847075113417,1216.7527963215737,12312.040585657676,0.04941312481291573,728711.6241363261,ok,2433.5055926431473
472,728693.9626222469,0.8075372601773547,442.7532058199296,26452.965868866126,0.00836868742837318,728692.1099906532,ok,885.5064116398592
473,728693.9626222469,0.7041967535222813,511.4561376218452,18140.46877915695,0.014097103659457206,728690.3575971524,ok,1022.9122752436892
474,728693.9626222469,0.667459508101962,617.3283866825601,28725.74077122723,0.010745212657855966,728690.6459598497,ok,1234.6567733640406
475,728697.1458949464,0.3859732753764919,1493.3548839162904,48009.113305246516,0.01555282717284735,728685.5329497379,ok,2986.7097678325804
476,728680.5542585966,0.9697557998214027,303.72719831736583,4176.610399215162,0.0363604896418445,728675.0324237725,ok,607.454396634609
477,728680.5542585966,1.0716895884215412,221.22356934915555,1993.149304958522,0.05549598537319794,728674.4157486121,ok,442.4471386983105
478,728680.5542585966,0.7437901187562449,302.638844026714,2297.472906591816,0.065863419576874,728670.5878440144,ok,605.277688053307
479,728667.8811000371,4.129429266752273,22.72427186346998,593.9348321610839,0.019130273754770135,728667.6637392663,ok,45.44854372693996
480,728667.8811000371,1.5504933926654738,77.55175527621542,46.57354097263933,0.8325731054223999,728635.5973471765,ok,155.10351055240707
481,728640.8973446883,0.5237417963597537,7596.157538915887,4892230.07149488,0.0007763491728624681,728637.9487093771,ok,15192.315077831765
482,728690.9509946987,0.3537860641941636,3935.1669042434846,266418.44452298956,0.0073853124382758616,728676.4197761563,ok,7870.333808481097
483,728659.6147922085,0.6961142259015884,1002.2629065355086,59561.05373428834,0.008413743912311963,728655.3984004944,ok,2004.5258130699353
484,728646.9879844974,2.280744058613565,87.76611781156811,226.72704488962916,0.19355017363343818,728638.4944108266,ok,175.53223562309603
485,728665.895934011,0.7386622017743777,1219.9128973124716,90551.17208251449,0.006736041451792747,728661.787242089,ok,2439.8257946249432
486,728665.895934011,0.6932780341536126,1255.6050992075423,70633.90543430111,0.008888118896210696,728660.3159503068,ok,2511.210198415084
487,728665.895934011,0.7123664724190627,1142.698841386625,50602.266088959375,0.011290984867928119,728659.4448363476,ok,2285.3976827732363
488,728665.895934011,0.6842162163878538,1438.9208878577447,81869.1681597791,0.008787929083690516,728659.5733666512,ok,2877.841775714138
489,728652.5328364897,0.7781815384440887,126.12261885477042,120.80390882155095,0.5220138159646646,728619.6139617158,ok,252.24523770954085
490,728643.6214651929,0.20670054085829323,26173.93717070937,4745667.9819750525,0.0027576662832422064,728607.5319731751,ok,52347.87434141874
491,728605.8691635367,0.448893739066117,10341.253009571165,2547297.11231966,0.0020298482182461333,728595.3735765388,ok,20682.506019142325
492,728605.8691635367,0.44383134600892243,10508.064296345236,2860289.5645469315,0.001836888199466215,728596.2180938842,ok,21016.128592690464
493,728590.4354716064,1.0169916613109014,745.021793271214,71643.73539720908,0.005199490151795162,728588.498604868,ok,1490.0435865412408
494,728590.4354716064,1.255716168308572,388.7286566778023,20374.093475373968,0.009539777981966561,728588.5812790664,ok,777.457313355591
495,728593.1789015472,0.47081180579776705,2772.559651884775,251162.5049095605,0.005519453735507074,728585.5273941834,ok,5545.119303769524
496,728614.6353832509,0.40178991362670313,10087.778360239463,2150576.099973042,0.002345366518386844,728602.8056144454,ok,20175.556720478926
497,728614.6353832509,0.37094341041144885,9753.704798701887,1983586.0914996867,0.002458603848983337,728602.6451351709,ok,19507.40959738874
498,728602.8737986377,0.6179717147998425,2272.9552035690826,264815.5337109742,0.004291582090591858,728597.9965117155,ok,4545.910407138157
499,728602.8737986377,0.6234729773425778,2108.909952023814,230354.24646709868,0.004577536521179409,728598.0469924749,ok,4217.8199040476275
final,728602.8737986377,,,,,,noise_plateau,
