round,old_loss,beta,direction_gain,interaction,step,expected_loss,status
0,447722986.40587693,0.00014631267535792058,230097805.1318011,85522721.82609805,1.000061243720199,303144286.8346484,ok
1,302993052.2416542,0.0002399354989182601,141339830.4084231,26470577.815904908,1.0000001145621573,188123789.5219935,ok
2,187293907.76908314,0.0002725968338373587,118037468.98031355,31061515.325137794,1.0000012753911234,100317882.8011796,ok
3,100685307.52859984,0.0003525897779943922,86190031.55244231,35543644.42653074,1.0000016697238556,50038895.18537759,ok
4,50198840.39306661,0.000388019844562568,78696794.32874206,110079998.8264168,0.35745273967906577,36133648.0246822,ok
5,36237882.255325876,0.0006552184604691715,45079408.802,28643221.195257857,0.7869123464623333,18501110.57656758,ok
6,18667929.53370185,0.0004928732951411782,47935781.88548073,121698391.28309588,0.19694501044788706,13947573.00157003,ok
7,14129730.318211565,0.001072860093075086,6409788.254036855,1863580.5025931778,1.0000820834075375,9583302.38013837,ok
8,9664026.886169948,0.0015714067118099203,3888150.7739762077,1254158.6154128078,1.0000554108286244,7029958.273737276,ok
9,6989545.026728323,0.002087531136209679,3444134.474131613,2702713.2125459397,0.6371624000178804,5892308.532967313,ok
10,5851052.381073215,0.002239056091384117,3392539.8001173725,7191672.933713031,0.23586582922965452,5450960.27449857,ok
11,5470941.79817607,0.0027373928373894416,2579567.8631035304,993983.3112939976,1.0000005566880614,3885356.917029497,ok
12,3845234.1708953027,0.0023139998652215114,3721790.6463335156,14140393.437146747,0.1316013823404796,3600337.773975624,ok
13,3616343.359650107,0.004141983948397757,1680025.5014989066,1507137.405462603,0.5573564478625747,3148156.8367331214,ok
14,3172609.150130001,0.0026255085610798934,2805626.888845173,10467481.433158817,0.13401632984786233,2984609.2408472477,ok
15,2980390.1911276686,0.00535331630895264,877569.8190474103,502414.4530269325,0.8733524819601151,2597176.301348496,ok
16,2554544.518622022,0.003627745634596907,2144288.4316243203,8511994.854297908,0.12595686841502368,2419500.590709041,ok
17,2426953.342385804,0.005331934111063282,1323835.1684290927,1431489.0179425834,0.46239794781373283,2120884.0098231738,ok
18,2115510.7705234922,0.004211555938689684,2002796.850950997,10107693.674221857,0.09907289019149974,2016299.3342784173,ok
19,2024791.5405485306,0.008270322790316989,882708.6579568351,1487630.668572275,0.2966827306686269,1893849.333034794,ok
20,1905624.5382246645,0.00600469752813729,1323849.2106065063,10984838.499084493,0.06025801884646914,1865738.2728833596,ok
21,1870696.3842514863,0.00793740266903764,895327.2809258063,3003232.5162216877,0.1490605998852532,1803967.3734572697,ok
22,1814464.8414045696,0.004610516983362272,1005844.986748396,2862814.064918986,0.17567417302332908,1726114.3482862266,ok
23,1727492.1003770598,0.006740664881546647,921417.2658154793,3168607.7700527767,0.14539781075524727,1660506.0737562317,ok
24,1657375.1480332771,0.007848619619792656,624952.8968741398,2084684.3976662182,0.14989148898839744,1610537.5879032384,ok
25,1604561.4787309389,0.011724987587388604,508241.48126829334,435861.61318898626,0.5830307899217586,1456401.26258351,ok
26,1447818.0696199606,0.006372134115401045,1680343.1551766852,25045988.144046042,0.033545155925024626,1419634.3830459856,ok
27,1424028.9859517273,0.008072298905332011,866934.6926582291,4619287.737929013,0.09383856796144356,1383353.030914156,ok
28,1383117.1271361788,0.009884492150012166,807409.2249230924,4350260.732731082,0.09280009573313588,1345653.3004518386,ok
29,1340739.351834721,0.009670258413374141,647701.9874561226,3600060.790749525,0.08995709032475427,1311606.6587401642,ok
30,1307535.6217008987,0.013490978462967039,457622.2414299643,1655626.9027635646,0.13820210358568813,1275913.4434942894,ok
31,1266424.7957211214,0.009106752166081564,597427.736999955,4584179.163979609,0.06516190964941664,1246960.029610898,ok
32,1246035.2846656963,0.013806796188262548,451005.73968237254,1683705.0720208082,0.1339325239250686,1215833.1161555198,ok
33,1213519.1907230418,0.00980584183201892,519316.6280033555,2592714.313015023,0.10014921917861655,1187514.6133225379,ok
34,1187447.9045143658,0.014577492415962076,601705.7948128158,4311758.1804178385,0.06977499312757221,1166455.8956654235,ok
35,1163844.4205524668,0.011826239952340561,519012.5780126874,4057747.259724405,0.06395329043336447,1147248.1394823594,ok
36,1147108.4296234844,0.013898801980824452,447944.5286369856,3375681.509979292,0.06634875466076381,1132248.1488074008,ok
37,1134277.983560631,0.01444813717980914,406050.6284595732,2393969.491795233,0.08480697641536707,1117060.020525023,ok
38,1112811.8415719834,0.01756705422412728,372310.99712249165,1839920.853895237,0.10117581860499164,1093977.4066172289,ok
39,1094018.685621534,0.015684087454477868,417557.74376848666,5708784.807694972,0.03657150845882763,1086383.3273423947,ok
40,1084746.4124402404,0.021610056801665188,299196.90871668933,853229.7922591754,0.1753319629899924,1058517.021777323,ok
41,1055128.5511157268,0.01192994058557332,539877.5737953234,7805003.307731245,0.03458535201775941,1045792.6231476243,ok
42,1044357.7386724699,0.02060176582394711,303166.5569019409,2199360.077305976,0.06892153768501916,1033910.3860342926,ok
43,1040933.5151916571,0.00833264309334601,548078.3842653714,6584513.924723154,0.04161874289668355,1029528.348510672,ok
44,1029753.9286121179,0.0267943322885295,268991.2498591481,2550665.163624708,0.052729627882024524,1022662.0243578211,ok
45,1022625.7189037113,0.01531279075049646,390198.5377913377,3739145.725688779,0.05217749807269951,1012445.9271769224,ok
46,1012674.4554064276,0.020183534354741538,295055.9470005405,2651971.1324540623,0.05562955482239803,1004467.539916757,ok
47,1004120.707630797,0.023923379115999687,275436.35888396663,2510388.492433304,0.05485930956785654,996565.5833916677,ok
48,999968.030001782,0.014287395974893263,398937.2694442459,4279926.018213706,0.04660562679664596,990671.6692542862,ok
49,988211.2042620501,0.0249502513321415,235770.96404636998,1293738.3945267198,0.09112003054242684,977469.4755395888,ok
50,974976.6059202494,0.01671285241370453,303047.0983544627,4721729.729174573,0.03209068664836941,970114.111183754,ok
51,970630.2330649769,0.031645408451047456,188977.85121198173,407285.4615033907,0.23199680454394084,948709.1042595969,ok
52,947936.1445610978,0.013719497937641694,668782.9156153954,18364429.9468459,0.018208648935772145,941847.3278987565,ok
53,942093.517970275,0.020247425433216785,300838.7758007437,2138183.253466353,0.07034915630197593,931511.6409400243,ok
54,930706.149681746,0.024211901009373333,240043.76888973275,3717105.92982649,0.032289067546285626,926830.7549478732,ok
55,927018.4338453809,0.03028659088470059,184288.64556901233,812405.371921433,0.11342160695783454,916567.2766831209,ok
56,914502.412813562,0.018618017814764288,326729.6703803558,7289593.431812708,0.022410692272251162,910841.2937640079,ok
57,911685.4767737063,0.0357997581633839,104318.88258467945,355135.6341223744,0.14687188859895248,904024.7211228341,ok
58,904076.5064007698,0.025374811999310604,237123.9823475504,4778981.57348042,0.024809049658550845,901135.0960741229,ok
59,901309.6932271002,0.03345484582649444,153566.61090520574,279829.1025973989,0.27439356642998647,880240.8482016774,ok
60,876377.4882534336,0.014444066379337041,543407.6346489853,10810024.152531035,0.025134432031854115,869548.3671240959,ok
61,870390.453638324,0.03944637021679969,173028.69224827102,1876123.2283596508,0.04611336015480045,866400.9864369448,ok
62,865571.1289274959,0.03782737697223798,145265.4523015885,1768688.9806269475,0.041065855527096747,862588.4038888481,ok
63,862916.6373333735,0.0235457080439994,162851.29371544582,1652847.1301561017,0.04926387042825475,858905.2948170378,ok
64,858970.0541071416,0.04199205826094362,141839.16639320058,1386472.93560044,0.051151076501819444,855342.4410815751,ok
65,855133.6207551151,0.03956392755831524,136369.38253115074,888181.9942799221,0.07676882857871366,849899.1618796557,ok
66,849788.3125855321,0.03757170738875468,170128.6466892152,3789744.809951188,0.022445923831399938,847878.9652629694,ok
67,848108.7606865147,0.03465161544869934,141325.639608189,750705.5529065417,0.09412854284946469,841457.372424721,ok
68,838129.0001874894,0.015328325892190891,396650.7215371551,12401054.916431995,0.015992620152482907,834957.2580261135,ok
69,834304.0704279763,0.055156214452063194,146279.0791847793,4622847.586259816,0.015821317538085716,833146.9065474957,ok
70,832292.4416263727,0.06413262917333737,54526.99397223224,286671.2847423092,0.09510368996540224,829699.5824616326,ok
71,830169.1794634915,0.029385371681277576,171243.8967135139,6526451.334429038,0.01311921961404582,829045.8863192167,ok
72,829042.1737329386,0.05112000053035178,104685.93292774113,833270.5670004475,0.06281629105452666,825754.1827168867,ok
73,827659.4044216354,0.01423757843806,341591.3219892919,7246136.51884538,0.023570582827200308,823633.6511476347,ok
74,824521.7192340967,0.030881066931554436,204585.783611102,3820976.887453585,0.02677139768665863,821783.195547052,ok
75,820199.7872525041,0.057111751682649495,85844.70900316795,513994.3013050254,0.08350745211105381,816615.4507894695,ok
76,817856.423886637,0.023239015957010032,300416.3886297998,13261149.02317536,0.011326936606503258,816155.0251918548,ok
77,816260.426960808,0.0542155009812004,108678.64037236186,1086751.5223780582,0.05000160484456852,813543.3737453361,ok
78,813807.251372265,0.03720247000112674,190374.21833391875,5977618.545999,0.015923918268533708,812291.4996256725,ok
79,811442.9603635308,0.0617181912668571,103527.27274117016,1583138.7524269824,0.03269684119047078,809750.4529656805,ok
80,808484.5937942555,0.05164441032439349,98382.32499106113,2553302.254638194,0.019265702838812952,807536.8914753208,ok
81,807820.5697563803,0.0950086339321504,56590.877684752224,917950.2904190256,0.030824587276354388,806948.3745322607,ok
82,806825.8422744256,0.07328873021981744,65468.395875923496,2344454.9482004424,0.013962391541406192,806368.7945860219,ok
83,806064.3724371112,0.05210410430825845,71320.22733730458,395140.8316795359,0.09024659263149266,802846.1686856636,ok
84,801879.7919688312,0.0489875873247285,142605.7625115027,2156362.3204539204,0.03306628045733144,799522.0708998127,ok
85,799402.3343837766,0.052143448650450196,116259.9480338898,3122352.336139013,0.018617365293510182,798320.1074230009,ok
86,798630.4449180175,0.04957919718832327,121369.1040731169,2575856.1110161045,0.02355898366256959,797200.7785480178,ok
87,795974.9064986343,0.07356225397691075,134336.66004858457,16401302.36707721,0.004095304660629947,795699.831723639,ok
88,795831.17550321,0.06160595839420545,86290.16633562428,1107655.4766745248,0.038951717457620584,794150.6004139718,ok
89,794406.8013107379,0.07087408442431932,112025.98669120432,4457638.071352245,0.012565621624954032,793702.963230276,ok
90,793500.0510832693,0.0663478301280381,64073.89624162261,354787.92462997494,0.09029886841336032,790607.1509205424,ok
91,790468.3455200007,0.027870515712227754,252477.8382859782,7105336.657529674,0.017766775203988554,788225.4870215927,ok
92,788320.6015890595,0.056294662795463246,122443.16825262622,4409306.619288228,0.01388462844895005,787470.5626404095,ok
93,787438.126513956,0.06709682523447666,95135.08846264222,1217507.6887064606,0.03906960479392059,785579.6813598209,ok
94,786446.7107445869,0.05914451659937165,80286.94998838384,1608260.7162430966,0.024960800564703987,785444.6974712827,ok
95,785821.8841705229,0.0649873464490869,97916.35475001385,9582757.099507865,0.005108986575222828,785571.7574995667,ok
96,785333.8637211865,0.08166561059818722,64512.985671443595,581308.2221389668,0.055489483216032344,783543.9676033707,ok
97,783341.5008126284,0.04956246115814688,163593.98341366218,6535647.311406973,0.012515514961167954,782317.7693391431,ok
98,782403.3222830715,0.07164264416666555,69215.18752802604,2129112.7989082197,0.016254467016383223,781840.7942917179,ok
99,781747.6312014286,0.04982083900219057,72385.71428075898,1453037.7882004248,0.024908407361658533,780846.1247721937,ok
100,781270.6030371895,0.07792897506494119,67334.73789296795,884919.1680594573,0.03804569972228456,779989.7044278122,ok
101,780072.6655856515,0.040623848973721885,129114.26932291703,4518743.075465871,0.014286524722320672,779150.3684853085,ok
102,779928.1565893067,0.045495460255012485,130100.9770195213,6049839.619733191,0.01075243189878635,779228.7056416227,ok
103,779449.8679462295,0.0838833119711023,51132.498805224874,1166206.0735578518,0.021922582965646146,778889.3897225804,ok
104,778878.1549165386,0.0894341142058431,59214.12136422686,1473197.418284523,0.020097144017934554,778283.1375540625,ok
105,777989.8529777434,0.09150662097539522,51722.49481564959,660429.8574634088,0.039158204486927875,776977.1729634607,ok
106,777000.4407557442,0.07392916316128609,82569.01204894442,2728040.033917148,0.015133394492452688,776375.6660396499,ok
107,775929.7365058532,0.0866973923056527,69338.62883595529,1566891.0856370549,0.02212618013834832,775162.637009768,ok
108,775061.4482903976,0.07765020434377425,81997.00168222033,1897417.5616118365,0.02160752681464715,774175.572084113,ok
109,774465.5042150347,0.06130375177981684,87961.1011752291,6228614.8205608465,0.00706104837987949,774154.9554195617,ok
110,774199.4836007616,0.08555029597536737,66713.46824688496,1576603.9082014426,0.021157333144946444,773493.7440642845,ok
111,773879.1738686357,0.08314246603712014,41603.926773740815,823955.774097189,0.0252464562308131,773353.9980104741,ok
112,773375.8693171894,0.07988860846760867,63872.83225875708,3737998.0319813266,0.008543722028780908,773103.0134551846,ok
113,773233.6092106234,0.09100471503438835,44965.013205064955,1848225.7479019105,0.012164372576269117,772960.1236238618,ok
114,773150.2267066725,0.1024299153982787,33662.993060959976,180495.81740376886,0.09325144910603639,771580.6652645819,ok
115,771767.8904015931,0.06832179297243338,112783.11384967399,6158878.236775958,0.009156140900482678,771251.5613607917,ok
116,771023.4484923428,0.103266949752134,63565.38616823223,2164927.5871396186,0.014680718779194168,770556.8557131295,ok
117,770400.4751769719,0.07449062543745275,45612.81300588288,391556.8079751424,0.058245460271474286,769072.1055330697,ok
118,768082.7867096682,0.07473478580144564,108036.74744417724,8584836.757842267,0.006292300627934796,767742.8868627767,ok
119,767736.7350337098,0.12688709146815336,38468.57687776484,1262131.3408703373,0.015239530004554747,767443.6135179291,ok
120,767666.7968922184,0.11818262119031268,78072.83234097814,8888715.995788582,0.00439168223948029,767495.3613566295,ok
121,767604.3988356171,0.08209270685013188,48621.00957876959,582168.2067231782,0.04175855793675191,766589.227212898,ok
122,766782.7438705238,0.02941162373976042,186357.2509424871,12201565.40081985,0.007636612386225678,766071.1748251185,ok
123,765898.7918855397,0.07028311406581801,39950.10515285694,229091.69043884694,0.08719239243537971,764157.1192623784,ok
124,764867.7761857198,0.08526451961655382,75677.7500675921,3224165.3605823573,0.011736021823322826,764423.6983225531,ok
125,764645.2434215768,0.07002619661017537,90967.33218048593,7445853.514500207,0.0061085899691240425,764367.402355139,ok
126,764313.614024606,0.08662741082424781,57041.68323531854,1353554.4963499182,0.021071070056337148,763712.6493728146,ok
127,764006.6882281333,0.09246320285995216,47105.95392168041,412185.0232271459,0.05714175827262091,762660.8297120363,ok
128,762327.8931382382,0.07391007534146396,118378.71655636099,10599188.43429058,0.005584329276257662,761997.3602719625,ok
129,762074.7377630987,0.09972768259261744,72241.70565075328,3133622.794987741,0.011526866884920637,761658.3775008108,ok
130,761742.6716867507,0.11769121200694545,57233.1444204618,2924194.452589877,0.009786138601311552,761462.625944807,ok
131,761396.5782961206,0.1370529958505419,35374.07144599026,1123636.4699159337,0.015740887908629743,761118.168649369,ok
132,761156.2049700897,0.11329363255757281,46079.86288854963,1852448.1931221476,0.012437557784243847,760869.6444914065,ok
133,760692.8210136107,0.15684452831239515,29379.570874657547,702343.9648396558,0.020915372200403876,760385.5786836449,ok
134,760179.1268762726,0.15389310635097958,32627.361676931425,835818.4517780296,0.019518210926980323,759860.7130126719,ok
135,759702.9904796595,0.11019618227254421,48542.23810443021,1834345.2523542696,0.01323148901280422,759381.8474345917,ok
136,759048.944174654,0.1420610996390272,32777.30578540996,678927.071378747,0.024139047599653584,758653.3377023828,ok
137,758553.488058645,0.0736937172459442,81271.52394439786,8231866.852301196,0.004936396895297124,758352.8938094074,ok
138,758128.0125177008,0.13422579023905012,41168.54479241324,2436072.840197444,0.008449777057790382,757954.080005056,ok
139,758325.0075981318,0.059978883253256295,68469.82084978595,3257992.251734716,0.010507977852514725,757965.2679176042,ok
140,758118.0886606701,0.15317426761716482,40249.86134911097,2983899.897675911,0.006744505970267407,757982.3559455844,ok
141,757773.2463754496,0.13885204848035854,28345.498592274664,329680.84090387175,0.04298930219081132,757163.9697730833,ok
142,757494.565309725,0.05166032331379744,114931.5291043772,12930554.622484002,0.0044441840454597014,757239.176875742,ok
143,757017.5387428646,0.10262334064995193,54860.085179658636,4898051.744994381,0.005600194529970361,756863.9251683962,ok
144,756932.7521352589,0.11239360406669574,45700.45131748114,2118003.4478712277,0.010788568678538732,756686.2309064195,ok
145,756717.7774639399,0.1203499274081518,34932.46007593809,774113.1631527632,0.02256288985816182,756323.6888393558,ok
146,756342.0184261439,0.14429911288909864,20983.091809873935,140286.40794752174,0.0747866173097941,755557.3911975633,ok
147,755398.5880151339,0.0659194756147136,133918.56058520367,14345488.877729865,0.00466761926786269,755086.047588278,ok
148,754917.8476269457,0.1127526185355464,63875.26280130702,7052408.072293233,0.004528613641364111,754773.2144337118,ok
149,754445.5974533907,0.11909282460614529,41628.77946473544,981674.7120913175,0.021202939707009098,754004.2712028571,ok
150,754181.6280958197,0.09845638297179048,46846.52301261954,2589698.032845789,0.009044784839478069,753969.7697352563,ok
151,753779.5238004392,0.15390178868494564,43686.55714934575,6181179.890144161,0.0035338364135788698,753702.33322722,ok
152,753526.6574948615,0.13542309149751663,19975.441155969012,69511.96949869409,0.1436834641575239,752091.5872031793,ok
153,751380.7148537332,0.051255790441099715,158695.23749605686,17232516.16500295,0.004604528902701589,751015.3564498473,ok
154,751109.1711112576,0.1224269926058727,53178.354278110055,3582869.3790224837,0.007421196344676503,750911.8476070653,ok
155,750985.6384913048,0.10381457458971544,52644.27419588785,4072545.0841798205,0.006463313862428364,750815.5102577109,ok
156,750627.0114250656,0.1333392826512651,46258.231232231396,3250929.1381874997,0.007114616970399713,750462.4566265929,ok
157,750504.1088772533,0.1452892984657511,23010.061732688955,170829.2662858388,0.06734812550850491,749729.2666144874,ok
158,749408.9229718415,0.06025488326663683,128597.86338682902,11739289.698618,0.0054772420942115485,749056.7421565575,ok
159,749081.1796392086,0.10418295267896349,44557.46756678726,1328904.4047072078,0.016764737707602236,748707.6825108725,ok
160,748629.1488245793,0.17180699659809584,19484.67067955638,221206.4086280118,0.04404183133844568,748200.0785347023,ok
161,748158.7045822995,0.23400874182075226,29726.69598989126,1592027.1950815818,0.009336114383513387,748019.9386652966,ok
162,748012.1718645833,0.16822392001364023,23288.01869487701,468438.743598289,0.024857058700985372,747722.7360407191,ok
163,748110.8795694874,0.04655693943209357,62807.62944905412,4130548.5451063253,0.007602819427393677,747872.1220368055,ok
164,747929.1092103106,0.15991877079343822,34316.73281991171,1377551.5362627276,0.012455698359210714,747715.3897739714,ok
165,747940.3231808097,0.05790862331978682,59900.566134878354,3002487.0747046457,0.009975158034738712,747641.5643740268,ok
166,747742.4835086211,0.12987222578121807,35703.42848220089,1904474.8603832242,0.009373562556508765,747575.1493484412,ok
167,747705.1043983877,0.07637740545749233,41832.49914212862,2348139.1821006453,0.00890758509142232,747518.79112554,ok
168,747351.1156677546,0.15860651886951108,18612.655541943,283509.08690602327,0.03282550084208177,747045.6307976719,ok
169,747049.7200535517,0.07273831711657171,72009.86687578488,5897326.258450169,0.0061052978688946775,746829.8992101637,ok
170,746737.7392214398,0.17797067982068887,36294.19352725034,2514723.6066113585,0.007216338493787297,746606.7836285139,ok
171,746673.7923707692,0.17212816200785597,26815.573172761386,374415.0661875677,0.035809954772663716,746193.6601395094,ok
172,746337.2372087747,0.1474741721658121,27562.61214313223,703784.934088641,0.01958170089192386,746067.3757953813,ok
173,746205.9342995335,0.08144869652397747,53202.58143772389,4153797.6590300607,0.006404089197997556,746035.577260988,ok
174,746021.3200849106,0.15662630152619722,34795.07136886664,3531275.260754095,0.004926700525950537,745935.6076367039,ok
175,745909.9365086214,0.15023074440333783,29520.983104497267,1135241.7751189352,0.013002068700918119,745718.0195833998,ok
176,745730.946376448,0.15474984639295422,23327.499962616494,523594.42546912824,0.022276306648715372,745471.1211051905,ok
177,745458.8917640005,0.215349079028436,20883.70620356266,660994.310867315,0.01579719058108108,745293.9398205321,ok
178,745176.4356069899,0.17683684954439813,25005.84817617863,466516.10042874335,0.026800627195071564,744841.3493996568,ok
179,744213.8451345433,0.07332613590950184,98927.22033953431,15905495.510299934,0.0031098440245219626,744060.0210220255,ok
180,744049.2532447481,0.14583551066362144,43249.98462693697,7785952.053882344,0.002777437128280994,743989.1911881978,ok
181,744015.8649377314,0.19405294970018058,25770.719851838603,1853627.0570008669,0.006951430643641752,743926.293251888,ok
182,744015.5268034923,0.12153131526897598,32476.93854836444,1440689.683154151,0.011271316414670775,743832.4978782132,ok
183,743894.3825454409,0.18276571406754535,22118.906506872587,471790.59220793087,0.023441445073500097,743635.1329794576,ok
184,743560.2749031415,0.11222195252041457,61636.76531442666,7106092.604083276,0.0043368957279707535,743426.6187910525,ok
185,743402.7941615955,0.20384100084315218,25515.267956282572,1493778.3589092947,0.008540513324517883,743293.8374186158,ok
186,743377.8789908695,0.2197798243102516,15006.171752335158,179385.86492228656,0.04182651670697723,743064.051044116,ok
187,743135.3058743847,0.13090263497386084,39803.68411782622,4761617.506584311,0.004179638963313006,743052.1233598737,ok
188,743025.5787839589,0.18406272265435744,15965.656952825628,339985.4369221346,0.02347991298886454,742838.1426659276,ok
189,742843.6949776086,0.09667248266019812,72452.06960444403,7810173.247161764,0.004638313857555803,742675.6672583813,ok
190,742629.8872852754,0.19349562463443415,26904.73317611597,1100632.1111224664,0.012222400611534722,742465.4670716629,ok
191,742323.8239632065,0.24250482724384445,14579.701710486816,468105.48968970793,0.015573094133280974,742210.2984296202,ok
192,742074.6984151563,0.3145308646384813,8005.8876639042555,329684.28893909184,0.012141748837451151,742026.0956765384,ok
193,742048.5628873784,0.2150382109056439,12702.567651611354,90769.83516698494,0.06997130504998189,741604.155269344,ok
194,741110.9667080239,0.11467200818716441,59561.06923881142,5448326.967860539,0.005465996221423545,740948.1864183223,ok
195,741101.9716830953,0.10556350499471576,52320.97038239493,7896807.354062464,0.003312792628496802,741015.307420596,ok
196,741019.5018719994,0.16592728205333998,28357.03351160891,1774253.1271842967,0.007991259273306437,740906.1976684928,ok
197,740958.5810359566,0.11901573914205509,56131.12029029225,11672329.201069636,0.0024044524157675606,740891.0987320658,ok
198,740839.86813117,0.2283366056400556,15620.291447406864,576447.3263434322,0.01354875869274195,740734.0503514045,ok
199,740698.8513845106,0.1430720521634728,30801.617648451,1278029.3667956274,0.012050434226593385,740513.2649507379,ok
200,740532.440931261,0.3167022100752795,18419.225720013186,4644621.5887219645,0.0019828553702564934,740514.1796009436,ok
201,740390.8371866302,0.24632846660818886,6538.28798062477,129441.07259092896,0.025255847505558152,740308.2721845373,ok
202,740305.1208028019,0.30434880241832646,9872.129482845052,497330.9006568126,0.009925111701089933,740256.1298088796,ok
203,740289.8112820801,0.303954160608091,12685.26980723196,718800.2281938677,0.008823918878758769,740233.8443862131,ok
204,740236.8238736847,0.3246765774384494,7570.179578994272,171928.54247347914,0.02201548233377832,740153.4932962924,ok
205,740192.9883786241,0.1989362933761854,4039.5381118650175,8099.946428813058,0.24935585360759968,739689.3471415918,ok
206,739973.1381482483,0.07077253986915394,115373.70077857022,16478199.231062965,0.0035007982110411636,739771.1881256049,ok
207,739727.3139968669,0.18119718415042355,40857.4576180411,4508101.854378072,0.004531558839821035,739634.7400102462,ok
208,739308.0496099454,0.19634813627338243,18767.420372898265,1395499.1365627027,0.006724267998877047,739244.9510278279,ok
209,739232.3202594526,0.23670777560003675,11324.9064909469,184253.7844925171,0.03073181514870547,739058.3027930246,ok
210,739172.3954780855,0.33044620126620716,7312.694935851542,64113.37708979421,0.05702940063202194,738963.8761734873,ok
211,739025.9553313359,0.2047746326941895,24178.544221573997,4541919.788325773,0.0026617097338135303,738993.7771980838,ok
212,738985.0247292005,0.17058754488831873,11451.16344540236,160050.06149704786,0.035773692738048646,738780.199527906,ok
213,738664.059479317,0.31632182176265433,12526.537120466563,1302073.5764278644,0.00481022629874424,738633.9317401724,ok
214,738644.0328074584,0.26966019928983836,14135.512684443147,547148.5524554392,0.012917435878252066,738552.7355181047,ok
215,738231.2076730183,0.17883152404059882,10270.980866438222,432598.7202531896,0.011871256646837587,738170.2429480782,ok
216,738265.2694969056,0.10949850438399328,48581.67123216222,8010599.796853521,0.0030323366829063526,738191.6115050085,ok
217,738195.8809815943,0.25647572940485874,10815.159345765234,218613.68226136125,0.02473577873510059,738062.1202873135,ok
218,738085.1254194184,0.3379380646785303,9378.689089610752,561125.9983937403,0.008357025976748414,738045.9364452437,ok
219,738223.6596856901,0.09340874302169079,61111.54726849455,11344519.414943766,0.002693439229695103,738141.3595662899,ok
220,738107.1087498149,0.37391428774077656,12350.620427802913,1187733.2061861416,0.0051992401843597704,738075.0018287998,ok
221,738164.851575748,0.13664474271866042,29096.827372000094,2426209.814265695,0.005996354313818156,738077.6141325827,ok
222,738055.5327064733,0.18940658628898033,7826.681964899409,35350.24098649985,0.11070196053102432,737622.3181874896,ok
223,737740.5967758524,0.07822874035634098,104362.3519116925,15809454.341936272,0.003300631054509585,737568.3659660317,ok
224,737481.0942706069,0.257868034785547,13221.691375884373,672119.7205652249,0.009835815682335193,737416.0712109159,ok
225,737431.3129233441,0.24120594353526334,9027.77980918361,246337.76182232003,0.018323986834984766,737348.6004641578,ok
226,737358.1013806486,0.21408738327606391,6641.830791167466,43161.05866079258,0.07694239897318472,737102.5821833254,ok
227,736840.8440278098,0.06098153426055627,122325.8592010394,22744832.895662133,0.00268909118308733,736676.3713330892,ok
228,736632.9344821547,0.1442210071274738,45441.09154907024,7223788.831611873,0.0031452394725477316,736561.4729247467,ok
229,736563.8320530077,0.15786577986921937,31031.920440556987,6331662.139886552,0.002450535085019003,736525.8096481102,ok
230,736480.6011780613,0.3109721372503112,7038.156364297435,110565.41563636583,0.031828019294229154,736368.5958897821,ok
231,736356.1657749767,0.2110095777325779,31500.675096589308,11916797.296055716,0.0013216921591431101,736335.3486773353,ok
232,736319.1406701923,0.38882771878425276,9602.885547603562,1192493.6154044056,0.00402638866303153,736299.8081954416,ok
233,736290.9072171835,0.32035997863736826,7916.566960986919,493639.9579731858,0.008018563766080846,736259.167468691,ok
234,736281.061952613,0.30937859273792795,9016.72728396282,1646161.6308221754,0.002738712625521291,736268.7148401863,ok
235,736258.2574479078,0.4616185901084016,1607.1312524349714,34469.63396549297,0.023312276162315015,736239.5245041149,ok
236,736220.0691124143,0.4420594014194143,4878.214066423003,112923.80620431578,0.021599582189059108,736167.3854195825,ok
237,736128.4811536463,0.13602467221842351,30259.472417768065,5166889.561039951,0.002928209714983503,736084.1781130942,ok
238,736093.0231229897,0.18772926272130064,17603.93036200558,2432820.7280898467,0.003618008133264197,736061.1775413761,ok
239,735996.3707117514,0.3083324904554542,10540.818569239182,693418.4147987936,0.007600619153082175,735956.3123379981,ok
240,735974.9565938655,0.3159119440490458,7459.387270774247,704919.8129250555,0.005290947377278004,735955.2229811073,ok
241,735974.9565938655,0.37056126930887945,5564.7148877847985,434943.605770235,0.006397053335144828,735957.1577048994,ok
242,735964.5094882003,0.2921393754762065,8543.454388191258,610603.6449062862,0.0069959084419668706,735934.6248758613,ok
243,735917.2432699436,0.7890968234442824,3980.460383334943,698188.1981565208,0.00285056406986315,735911.5699912686,ok
244,735922.1312684643,0.18442904972039745,10758.857526143604,783974.1167072259,0.006861742815778116,735885.2190117963,ok
245,735828.5638701987,0.47406954127114953,5296.763396250297,1989799.9994950427,0.001330978841490218,735825.0389301942,ok
246,735841.2386327898,0.18933110116221932,13098.119934140837,2274403.7498000776,0.0028794623503615342,735822.3808611844,ok
247,735817.9528291851,0.24044853306755265,5539.749434461436,86331.95539415062,0.03208400301585651,735729.0841604038,ok
248,735710.12072794,0.1250980024552335,43834.338323654236,7138246.46155478,0.0030703856023841106,735642.8265673005,ok
249,735608.1081090491,0.23534597557296225,20980.20691608627,2350109.297562521,0.004463666208598565,735561.2837887189,ok
250,735608.1081090491,0.2866988034372628,22947.54923568337,5676769.025032157,0.0020211804579765673,735584.9175400123,ok
251,735544.4986504996,0.39718334668169236,6282.472961756596,447705.93204604986,0.007016294080631477,735522.458811573,ok
252,735518.395912608,0.2709511870528407,3103.6756852785893,16809.274834705502,0.09232033254850894,735375.1297269142,ok
253,735477.9191089536,0.17145147461266275,36445.63557247004,6932621.150166996,0.0026285610293007374,735430.0193202767,ok
254,735547.4824165427,0.10691460568761557,36631.3386349634,3471312.806608636,0.005276294686728488,735450.8435478391,ok
255,735437.5460980588,0.21904255270318723,22895.907502726022,2149528.8253703895,0.005325796805441952,735376.576622541,ok
256,735358.2116373974,0.3877555954018487,9474.475492255478,1453216.9612971689,0.0032598282791161423,735342.7690558278,ok
257,735358.2116373974,0.35675498753833007,6919.373294269542,665938.1372326564,0.005195207262812271,735340.2378482012,ok
258,735317.3174832779,0.312088806907241,12002.844686792141,2179460.7799335453,0.002753627135047166,735300.7918038643,ok
259,735262.0903290724,0.4638409089360369,2362.244278760633,87343.68065662374,0.013522697125893855,735246.118372113,ok
260,735251.7589459089,0.3038742922540613,4880.74956736775,50626.3232345811,0.048203674052650525,735134.1239152699,ok
261,735185.6210788483,0.23816397960044253,18764.983049829894,3910612.7446927163,0.0023992382108528605,735163.1102466687,ok
262,735150.423040293,0.2899019955554452,5931.963500143711,231352.03489155453,0.012820210340756887,735112.3985303903,ok
263,735113.6524565925,0.3514852035842536,4753.0560030826555,89922.16287631911,0.026428723748672014,735050.8438545589,ok
264,735074.9132208594,0.43687339036587314,1644.803144307706,8777.878397700679,0.0936902443726353,734997.8622165918,ok
265,734966.3363837643,0.2729810624600765,6351.687941977317,240133.55407236997,0.013225323646488579,734924.3348193972,ok
266,734966.5620266205,0.2872104804672244,6066.6578369726485,304469.10331204615,0.009962682208110646,734936.341934573,ok
267,734953.6406975411,0.3429234344187482,5993.661844006702,221574.36362618854,0.013525169938247976,734913.1080500449,ok
268,734843.4677402113,0.31386144119307086,7161.993068576188,413317.921320924,0.008664024349206965,734812.4418990439,ok
269,734944.8991669394,0.10535963132031974,38804.610344473454,5622063.060684943,0.003451100594711743,734877.9398600208,ok
270,734942.0825208679,0.4378149862351811,10428.863965122258,1615628.0127529097,0.0032274954020363425,734925.2529656199,ok
271,734895.4988371083,0.40394321628210716,7818.527974633977,373682.44286762556,0.010461460156697322,734854.6022276629,ok
272,734721.9225022274,0.37401806305114127,8059.397794989525,223059.13980469966,0.018065607627748326,734649.1235430873,ok
273,734701.2404715243,0.27343726154342113,11642.058847129663,1065208.5697708915,0.005464685122479664,734669.4303786358,ok
274,734701.2404715243,0.23861600807057415,9525.523561387523,563097.7571816561,0.008458143759143562,734660.9563476926,ok
275,734644.2899246898,0.37551384735599036,5405.278714547407,47731.20933275826,0.056622059131840666,734491.2609191901,ok
276,734532.6213178458,0.08193273942387097,54454.19161971144,8891894.678854717,0.003062012854763434,734449.2516004782,ok
277,734436.8752681009,0.23813902495763037,23924.14521676765,7099841.729588435,0.0016848365166412301,734416.7211313556,ok
278,734436.8752681009,0.29524215121716474,14728.390865088897,3158944.5938242674,0.0023312201951694376,734419.7077069873,ok
279,734397.4309107054,0.4264670972308605,5657.291535090275,205978.157193533,0.013732746258562736,734358.5858361244,ok
280,734270.4399476543,0.4499299625335155,8946.04538520551,1055351.7234263343,0.004238418901786141,734251.4814037258,ok
281,734248.384208049,0.5221765341684312,4722.674011381033,120295.31732470682,0.01962950061735723,734202.0323418381,ok
282,734246.3213938043,0.21586909694833092,15005.440927094265,1949899.3171217854,0.0038477476235141083,734217.4528189708,ok
283,734200.184147449,0.3549808894083544,7039.246773364037,555677.8363065921,0.006333927964584296,734177.8911064554,ok
284,734186.7753777081,0.3307272986461688,6884.416895254558,459360.87767429935,0.007493473247122948,734160.9812807948,ok
285,734274.5533361356,0.1284900542949536,17349.89651440774,1490994.5444894119,0.005818229375329196,734224.0804973561,ok
286,734205.9217964751,0.33440633663265185,6690.143070598741,445928.1774513139,0.007501368391694833,734180.8291825922,ok
287,734196.1559569621,0.2373534823594808,9214.111871770181,880390.2961566482,0.005232969917998,734172.047371839,ok
288,734208.7228621178,0.3180030992691511,15134.74377988623,3433171.0687930067,0.002204193073490964,734192.0429134135,ok
289,734187.574453761,0.5041351948979578,6968.177074124376,728072.2748810338,0.004785360818239486,734170.9018329884,ok
290,734183.6317873165,0.3645672641910598,5972.044149643639,141850.00566563572,0.02105056013787109,734120.7743500575,ok
291,734038.895568007,0.47418282831776964,10879.022118805124,1891956.5937410425,0.0028750718052398846,734023.2565831259,ok
292,734016.2934026681,0.36738135067700284,6038.6601547741375,292360.3338953218,0.010327427244176445,733985.1114909678,ok
293,733949.16224866,0.5214129679064927,3397.2057118598686,120141.12911047012,0.014138395972357344,733925.1467288831,ok
294,733982.7194835128,0.22314266196072446,7017.744101698108,302587.20794991916,0.011596233940695217,733942.0297823432,ok
295,733973.0170945545,0.24054074688702742,10010.89556637705,2235563.780075032,0.002239009160821405,733961.8098511139,ok
296,733946.4777058337,0.6845679695969465,3128.4077168446465,179724.59151016446,0.00870333795324753,733932.863911026,ok
297,733909.2498944191,0.3506946229092069,2609.3043861860892,14123.633648683834,0.09237369260244327,733788.7343537812,ok
298,733387.8016434737,0.13264732071708993,45303.269233243605,7860435.923985615,0.0028817275321209343,733322.5258043514,ok
299,733332.7855738113,0.1818808008890984,24766.424519249696,3602630.0692293583,0.0034372700004343636,733290.2211298022,ok
300,733342.6852153712,0.14064178468635952,31326.368423080286,4192977.963203039,0.003735575132757185,733284.1742139308,ok
301,733290.4352281227,0.18359633155996694,19090.60901187915,3492020.0475165513,0.0027334621153529714,733264.3434998763,ok
302,733290.4352281227,0.19322119972643345,13757.750929726059,2027936.6042576423,0.0033920564629194355,733267.1016941445,ok
303,733263.0891277522,0.3802097349679612,7122.623878303873,662783.8450158625,0.005373263041839385,733243.9532619291,ok
304,733232.5163294186,0.4125660435991196,5434.821181164939,275699.4899404294,0.009856422263130129,733205.7323831756,ok
305,733215.5763111977,0.3154171381556937,15122.065383201025,4119862.930775407,0.0018352631674028624,733201.6998263913,ok
306,733195.3781710828,0.5381358364814545,4114.064518867661,219711.67284078352,0.009362416811256458,733176.1193776758,ok
307,733176.5212814237,0.27655462967718414,4121.982514201201,28499.534927780816,0.07231666279198068,733027.4772716669,ok
308,733146.2628272175,0.17839215710436027,20712.218949056216,3221219.7073948663,0.0032149652663411533,733112.9682949624,ok
309,733111.9997312527,0.36393168338596765,6242.231369063702,1010023.3935701308,0.0030901419753255814,733102.3550406661,ok
310,733093.8395512679,0.3867413190569619,3954.1719247360757,53078.22553968272,0.03724853162037067,733020.1960022824,ok
311,733100.5549692091,0.16715708647601743,54716.88565407751,12652997.521374583,0.002162210399616566,733041.4002596112,ok
312,732997.0270133957,0.18616698489469216,31747.9897377629,9658563.490472483,0.0016435150925435307,732970.9378632498,ok
313,732935.3073685624,0.6175209214210603,6568.996492717716,1199902.2819936145,0.0027373047752703057,732926.3166958283,ok
314,732931.5137607852,0.5412332481830748,5848.070811745601,798296.0007441133,0.0036628461161614585,732920.8034690553,ok
315,732922.4752338784,0.6099306707046429,5170.077233259375,538789.5290286876,0.004797863502080138,732910.0725714482,ok
316,732905.883206779,0.5202413345543687,6498.857903619071,720389.8108462285,0.004510653680668376,732891.2261581174,ok
317,732871.3664007474,0.571521199031615,4160.368415496419,223818.21363493102,0.009294079217079221,732852.0330039345,ok
318,732907.719810436,0.40504992973369275,11462.305363236777,3527429.2881012606,0.00162473921191014,732898.4081819447,ok
319,732891.3134795438,0.45072571379732457,3212.386289194719,66953.81015873715,0.023989570433547002,732852.7815959717,ok
320,732720.2743562177,0.24156561360699136,22309.644382398903,7450574.137467805,0.0014971761887588697,732703.5736220431,ok
321,732693.6762287051,0.44409663951429657,12395.809557851515,5810831.519363772,0.0010666123700665074,732687.0654667994,ok
322,732680.2906362342,0.263306469606795,1469.9849671937973,1633.2401139446645,0.45002108221657405,732349.5285233449,ok
323,732390.3672043835,0.07950966477923382,93596.57034451004,16484158.830221027,0.0028389853346024525,732257.5075590949,ok
324,732234.8211269844,0.21807374048587888,36196.98024462764,5965811.818816698,0.0030337011410969386,732179.9157168482,ok
325,732210.905469722,0.2129200841489796,33391.80752509745,7213168.0725678485,0.0023146422757074443,732172.2604250421,ok
326,732176.3973162995,0.3060490519904487,24702.109947097324,6958497.119928993,0.0017749601330114076,732154.4746861208,ok
327,732152.039164975,0.3667714522769176,14101.944501015509,3573263.3160204836,0.0019732585110353324,732138.1257739707,ok
328,732152.039164975,0.31032033942618753,15164.501482747919,5465212.1857758965,0.0013873662144551313,732141.5198064669,ok
329,732135.0862649952,0.3582834400602372,9345.260963359697,2279863.2644958547,0.002049522247428775,732125.509604869,ok
330,732116.2690885549,0.4789195265393956,5375.957629790197,365343.8719302885,0.007357394009904163,732096.4925693235,ok
331,732142.7532397723,0.2831092184475898,16415.099216978557,4856393.418546192,0.0016900503935997604,732128.882067326,ok
332,732105.1742824233,0.4553406905526391,3210.0682534559655,64013.95321264983,0.025073191799234344,732064.9309539197,ok
333,732099.9427326767,0.32728962111050386,6722.375672390791,1239453.3861367053,0.002711830774590077,732090.8277600635,ok
334,732081.2908004045,0.6017942476506327,1723.640252293044,17818.708372196157,0.04836602677056455,732039.6079851119,ok
335,732069.8566801669,0.7472438740450242,3692.9156347703565,315053.07336317387,0.00586078338381005,732059.0349908718,ok
336,732057.203345623,0.6150082947281185,1425.739957742695,38712.82258330754,0.018414311623423905,732044.076335685,ok
337,732043.8175082518,0.5585666477208564,872.6060598828093,4838.591865954006,0.09017148832315919,732004.4754146821,ok
338,732033.8824482535,0.22397327937415695,13899.830973936698,3294355.963466482,0.002109643148476071,732019.220606664,ok
339,732033.8824482535,0.2137231150342437,13534.225880796179,3046198.7906429893,0.00222149419833815,732018.8493461169,ok
340,732033.8824482535,0.2423374999657953,12037.144611183745,2500576.4835134293,0.0024068739129848534,732019.3965035777,ok
341,731994.3978130377,0.500539081109007,1399.314768496497,10299.985053413628,0.06792799995533659,731946.8714862718,ok
342,732068.8873703154,0.13083710602029,10669.93566592398,340296.9950560579,0.015677387430597642,731985.2490126683,ok
343,732113.515318206,0.15169070607458515,9643.85689937656,279949.41585982026,0.017224284733291875,732030.4610496251,ok
344,732008.6349558206,0.4889290492511125,4431.135251810415,511113.71385586594,0.004334784150460102,731999.0309483916,ok
345,731991.7104142674,0.48498078756750124,5210.821715385341,817201.1638560521,0.003188212367930018,731983.4038111473,ok
346,731991.728182332,0.6019537140758596,4379.5491532853175,917260.6012098612,0.0023872981939422225,731986.5005374401,ok
347,731982.9445072535,0.7781728995672618,2388.770387001778,178091.34058245597,0.006706587695923884,731974.9342582105,ok
348,731982.9445072535,0.5876319018559653,1882.6771706724267,56239.4382047408,0.016738051008071086,731967.1883339962,ok
349,731982.9445072535,0.858085652506916,2264.2955114869455,88792.71142235036,0.012750458203244996,731968.509104614,ok
350,731966.2013202064,0.518677006447845,1509.3065524731712,15546.279826000191,0.04854237056600993,731929.5686612225,ok
351,732122.7045869211,0.07836042436195681,37100.269594642305,3447873.185513968,0.005380167366728692,732022.9017570361,ok
352,732090.1414155671,0.1114916745790278,20160.90733281536,1871971.0889240392,0.005384940892544268,732035.8587684034,ok
353,732010.1869366814,0.43975666663582247,8891.415980135782,1067069.810657182,0.004166276606897808,731991.6648874813,ok
354,731971.8223031008,0.5069057395215977,5342.902421350331,769169.1661163088,0.0034731647189705545,731962.5439130075,ok
355,731982.5440702948,0.5071987611677425,6919.443442454366,1567800.6847942355,0.002206735686992796,731974.9093789055,ok
356,731973.1802705892,0.7302267505427333,2301.80830332927,406673.5224688707,0.002830044465834956,731969.923160664,ok
357,731964.8113233856,0.7089611821939159,2339.8397789268956,445870.0077923983,0.0026239035347005776,731961.7415664523,ok
358,731978.4099095368,0.5593337725641866,3033.007925649985,650308.2781173753,0.0023319770235975313,731974.8734571392,ok
359,731969.5100846164,0.3908405081811607,1134.3181636299644,1487.4615425474146,0.3812932742070562,731753.2561413149,ok
360,731499.8316644635,0.1722762397845901,44276.921398540915,8861974.562995926,0.002498140853587173,731444.5266713551,ok
361,731453.8107025493,0.22174375815276606,18527.893302562952,1892293.8906463434,0.0048956172701679155,731408.4579653334,ok
362,731431.1363717848,0.273734599805191,11331.29700850046,1129634.5800248578,0.005015470139136106,731402.7204808929,ok
363,731386.0456737139,0.50317762715655,4984.61507676986,356586.615318501,0.0069893468552060375,731368.6260718582,ok
364,731372.8664165841,0.6468748274893447,2550.1997544096002,114335.41095207543,0.011152274405514386,731358.6461528591,ok
365,731321.5643444217,0.6360877713030426,1551.3465297645857,30572.835043227362,0.02537132273750725,731301.8844876795,ok
366,731290.0933045408,0.9066157405555026,2784.3434414377966,2240222.062480381,0.0006214436256276671,731289.2281482992,ok
367,731290.0933045408,0.875535440997779,335.8756427653776,6974.708194479158,0.024078114338262964,731286.049678476,ok
368,731284.3386120632,0.7184688872404733,1091.913991287918,36892.676040011465,0.014798519767225574,731276.2592566712,ok
369,731284.3386120632,0.40698259432639594,705.0660043672633,1154.5692787980001,0.30533724450961225,731176.6971565778,ok
370,731391.6307394704,0.08205502889258019,54890.89460110706,8186550.04924054,0.0033525046735773177,731299.6197491268,ok
371,731227.5700183186,0.5386884885032012,3999.202080102691,414157.6748594166,0.004828115380766753,731217.9157137817,ok
372,731216.9935523584,0.5719199157923159,1830.698863108614,117930.8893671615,0.007761744496850976,731209.8888439452,ok
373,731208.309002355,0.6070404067810136,4299.231584350558,327154.766766881,0.006570638763478631,731194.1846535044,ok
374,731188.8155835139,0.7049071377553529,3163.6034662012444,256410.07977184028,0.006169031008875106,731179.0573995726,ok
375,731198.1898007184,0.4034861998023997,3027.4139915590795,54174.75687168376,0.0279411866926297,731155.8950309514,ok
376,731198.1898007184,0.9686451964381827,1525.352852522525,163406.30472845846,0.004667362299934787,731194.6301135195,ok
377,731206.4474151941,0.383601191390242,3393.856923820125,297214.3176579251,0.005709443862873121,731196.7588974015,ok
378,731169.6156182853,0.6612918923601872,405.27259651372134,1776.1553842152284,0.11408703318285011,731146.497444202,ok
379,731167.956033644,0.5480143464900288,2968.7810698212766,487868.15237796254,0.0030426059329255973,731163.4396181958,ok
380,731167.956033644,0.6161302048214033,1687.5091668423208,26578.578638875177,0.03174566235784491,731141.1704855259,ok
381,731021.7938376389,0.732823433046358,1044.4750258764104,46259.33778613965,0.011289342604784963,731015.8981194344,ok
382,731005.5585778633,0.7119352780858202,2401.416647820662,436447.25985026156,0.0027510960300730857,731002.25531396,ok
383,731005.5585778633,0.577510477141776,1685.5426022096271,11177.891989398326,0.07539626451070919,730942.0167699232,ok
384,730988.93684968,0.3188791295882552,9320.12344914527,3509406.5703077056,0.0013278774149454106,730982.7488589637,ok
385,730930.7305899261,1.0144774793828315,1826.4586770031956,294793.95361928054,0.003097856408822455,730927.9015365671,ok
386,730925.2836933185,1.1143233213017687,2172.1272285765094,518823.94528027973,0.0020933182135638322,730923.0102165736,ok
387,730925.2836933185,0.8922849158007262,2223.853580351422,423443.48965888604,0.002625915422791002,730922.3638676112,ok
388,730920.1433058605,0.9406590712899604,699.6675970173469,7610.3278609839845,0.04596829530855999,730904.0620425016,ok
389,730914.0970493145,0.22206290149548913,6871.563034439424,958770.1402523874,0.003583529954651356,730901.78482333,ok
390,730889.455200639,0.4249164491731794,1151.766695910479,2626.826579684298,0.21923158247639302,730763.2033829449,ok
391,730804.2967288336,0.18278473828321654,26023.561388677423,7198734.0966583975,0.0018075095592680233,730780.7778108455,ok
392,730766.0511210604,0.4123577774149664,10943.186260500343,3839258.352396341,0.0014251692978241434,730758.253174521,ok
393,730766.0511210604,0.43002006400202875,11700.567265252022,4399539.888208289,0.001329748969501567,730758.2717124285,ok
394,730766.0511210604,0.40097172087745114,10425.073551753714,3313221.1633215942,0.0015732534952937302,730757.8504793585,ok
395,730753.6325032321,0.6984305382170105,2831.273360400949,386752.4956870841,0.003660316858939796,730748.4508244254,ok
396,730810.3025208103,0.41388970969943684,18176.24679629526,9900296.285825755,0.000917964789716353,730801.9599435262,ok
397,730815.5703983277,0.6811728070236893,595.0562537318151,38006.99046876177,0.007828247467013948,730813.2412745222,ok
398,730815.5703983277,0.607879736377804,1473.568521914397,34933.073074234904,0.02109130964205431,730800.0306533404,ok
399,730921.4602321488,0.09203033901216041,56760.571925491575,11827453.082288232,0.0023995264039766637,730853.3609866287,ok
400,730832.6631929773,0.34717809765962454,9632.981241645683,3306587.416931569,0.0014566348968001652,730825.6473246589,ok
401,730806.2608965808,0.9250455764334867,1251.4179144861444,117567.29028396452,0.005322134717333152,730802.9307892165,ok
402,730686.8726492913,0.9329421824282149,2705.3076220741323,1077549.9744250393,0.0012553049446813983,730685.1746562738,ok
403,730686.8726492913,0.46414841034609866,6130.191778098826,4811758.726445588,0.0006370011597222326,730684.9201796553,ok
404,730676.2100305869,0.5117588276323255,1460.7667695589225,8426.664587710198,0.08667526483072355,730612.9038572832,ok
405,730551.4734487693,0.7170112821660061,2890.5344154498644,851191.7010740071,0.0016979338566169514,730549.0194806454,ok
406,730551.4734487693,0.6125896495178722,3599.8948607253064,492600.0641485612,0.003653973195220321,730544.8964891059,ok
407,730535.2904795641,0.27839304587941205,3833.58163612288,396127.5153684574,0.004838822711617344,730526.0154686202,ok
408,730506.9583838441,0.8912446649844393,1040.4161007903808,21261.167337593677,0.02446752062740066,730494.2301826406,ok
409,730497.2094087277,0.9592254365005215,587.1142956447827,6466.394733935305,0.04539734425456872,730483.8826938296,ok
410,730507.1527806814,0.44535382294198,5544.453687910337,1615831.8885377415,0.0017156653879779008,730502.3965670376,ok
411,730525.9700871361,0.3706038849978369,4059.366356957863,502611.68950160744,0.004038272926942023,730517.7736725062,ok
412,730506.2949475681,0.9968003916046811,1114.281865898351,43750.72138289513,0.012734439920960858,730499.2000698299,ok
413,730498.1583666928,0.8593581216663622,669.2483231674114,8418.429583371333,0.039749000483971335,730484.8573907322,ok
414,730498.1583666928,0.3856212690079397,959.330573313267,2049.0764815830044,0.234088522789579,730385.8742283059,ok
415,730406.3032533498,0.4212056802768266,8521.751844050146,1662879.3270974862,0.0025623482429493693,730395.3854054176,ok
416,730396.8595090443,0.4814444347340608,4985.126418896131,1011916.4845878431,0.002463210400671845,730390.7198014226,ok
417,730383.5891116831,1.0417596280123533,1638.0262233815572,202065.978873583,0.004053196467096381,730380.2694906323,ok
418,730381.5323613469,0.8278549489584339,1546.6281232472231,58364.51283851164,0.013249730427173936,730371.2861584949,ok
419,730282.1208463287,0.4587670530687483,9704.039940642124,4675529.081473037,0.0010377477897736487,730277.0856733286,ok
420,730268.8295760142,0.7583679889770628,1447.3842910179158,17603.04898876353,0.041111749786693706,730239.0773256054,ok
421,730285.865895052,0.370801169706537,8756.882315549461,4136202.0606087716,0.0010585655859206998,730281.2310279224,ok
422,730285.865895052,0.3625726503369557,6685.191305279625,1952692.4524000552,0.0017117880742210207,730280.1440796768,ok
423,730285.865895052,0.3482076303022521,9782.29064102323,4684349.7791249445,0.0010441460503885132,730280.7588249836,ok
424,730285.865895052,0.33814286667955407,9179.388955520944,3832055.0408421312,0.0011977110007146041,730280.3687674861,ok
425,730285.865895052,0.3514676707624772,9642.03503041899,4503042.457985677,0.0010706133819946386,730280.7044491853,ok
426,730287.664189128,0.40409561041751746,3164.0406114665084,525778.7507977675,0.0030089087916406747,730282.9040343214,ok
427,730272.1726737734,1.1590717900147522,919.6018637941542,31360.4228514879,0.014661821815175613,730265.4311544395,ok
428,730265.6826407906,1.0231907965055795,1681.0931164946248,81936.26559679794,0.010258541222559219,730257.0598592733,ok
429,730271.1114631249,0.31942646465315866,4475.342755130053,259902.92554793457,0.008609642899738453,730251.8459116371,ok
430,730271.1682134613,0.26967044892366016,9640.335247604049,2412766.0313061206,0.001997776643594691,730261.5385951643,ok
431,730271.1114631249,0.24882485217430655,30403.312211056327,28893744.630352773,0.0005261227404065473,730263.1135261558,ok
432,730249.357070898,0.5881977738954361,2752.7578106420547,442340.8958821737,0.0031115795942314437,730245.0743583823,ok
433,730249.357070898,0.5105257437891211,4366.741147258798,614553.638765788,0.0035527746251967137,730241.6000473266,ok
434,730249.357070898,0.5678706207321204,2791.040713260975,425690.1401316079,0.003278253887203127,730244.7822008643,ok
435,730249.357070898,0.536608974198378,3265.4305653897354,761325.35694416,0.002144569687325705,730245.8555991948,ok
436,730249.357070898,0.5731624087633579,2875.9807779753496,435938.1478752625,0.003298611043783063,730244.61369992,ok
437,730239.7727593598,0.6769053930518116,1414.1785351194271,10772.717461878832,0.0656370381996812,730193.3615140944,ok
438,730121.9641910195,0.15977811489041427,40434.58643510931,10054595.639900737,0.002010751495298746,730081.3122384514,ok
439,730040.3301732931,0.3328033123216475,15409.426873568971,7739362.810534837,0.000995522968156605,730032.6599541038,ok
440,730014.0523099998,0.5153277844340423,2199.3286728132803,75263.29507319958,0.014610898118892197,729997.9852264157,ok
441,730011.6125081913,1.0737102362211992,1924.8549966404144,138361.43683865858,0.006955894072150183,730004.9179644608,ok
442,730011.6125081913,0.841745416256055,1922.3169301327214,127918.0841250756,0.007513859136027711,730004.3904988773,ok
443,729998.4034095888,1.7548970233803527,991.3139892994367,270350.415463312,0.001833387212667264,729997.494678393,ok
444,729995.2500801863,0.6455722816342357,862.8964471216393,12348.222131634637,0.034940108702410044,729980.1752323556,ok
445,729995.1177594041,0.6382481135711172,1633.3774976013726,32880.901283014704,0.024837784760558358,729974.833020045,ok
446,729995.1177594041,0.9132246350949758,910.7731833920529,45383.604542248104,0.01003416533986634,729990.5483350494,ok
447,729989.6942253645,1.64075835115163,846.2644387804177,40750.72426422718,0.010383428197413742,729985.3006623464,ok
448,729974.6268998844,1.1482470106264686,1892.7974170229295,851995.8777890925,0.0011108019806003583,729973.5756383246,ok
449,729971.8746943594,0.931833038834722,1985.6747448387746,183627.25599235637,0.005406808303342042,729966.5066130103,ok
450,730029.9624433493,0.16191503794397902,20012.381644537974,4025710.5070164045,0.002485571380462955,730005.091341814,ok
451,730028.6069254423,0.18484099070565768,17816.540752434143,3506314.6626177127,0.0025406363185802657,730005.9742501888,ok
452,730028.6069254423,0.17397407008156476,21312.540469817064,4670005.681276849,0.0022818538053673097,730004.2908746558,ok
453,729998.9229828472,0.6006834271133893,3916.0989310878945,1003654.5499085885,0.001950919732015646,729995.1029855086,ok
454,730000.1678991796,0.9250778415469452,2715.1835711360154,547091.7153894771,0.002481470194812824,729996.799075627,ok
455,729986.0698676262,1.0913776819180292,1866.0655231678209,256642.7961556311,0.0036355306891922607,729982.6777983874,ok
456,729984.2272046459,1.5507394933368281,1355.938280469601,239131.51035153124,0.0028351309253981773,729982.30507337,ok
457,729983.2451264072,1.5089190238269463,1452.6441598153287,482447.52599351906,0.0015054944647336038,729982.1516525364,ok
458,729983.2451264072,1.5034411377115602,1661.459936554467,248721.61247496546,0.00333999912597402,729980.4704890392,ok
459,729961.1879652883,0.7380698087693767,317.7937847949827,4363.442082551098,0.03641549249224636,729955.4016566962,ok
460,729961.1879652883,0.41826819734091425,399.84580301502166,1000.2201952787782,0.19987888911979923,729921.2275978253,ok
461,729870.1506732494,0.5205099796721518,564.1035594734552,2770.9288099003766,0.10178961607709736,729841.440730876,ok
462,729859.8859017418,0.210754304276353,586.3487581421388,1226.371356483265,0.23905840390122488,729789.8001026163,ok
463,729824.2467175671,0.6074065993882999,5725.82472035716,1719904.8741473607,0.0016645759909238369,729819.4811823881,ok
464,729813.4923253403,0.673407437423759,5503.2442270619595,2084064.4273753304,0.0013203152826692462,729809.8593166117,ok
465,729811.6759250719,0.8215174482957156,1787.7219980867483,123903.72656235307,0.007214157506340612,729805.2274710361,ok
466,729803.0093369923,0.85391583154612,1608.0876343561335,203974.08821528385,0.003941891954087036,729799.8398831385,ok
467,729803.0093369923,0.7478711607695364,2030.6365025543575,156547.00611912814,0.0064857085194241805,729796.42427876,ok
468,729800.465258453,0.6869825842772321,1940.721874085013,107192.61548677168,0.009052497997516031,729791.6810680137,ok
469,729795.6987061504,0.7459480386326349,1060.6168396631804,35575.50066819999,0.014906562377788798,729787.7936306108,ok
470,729779.2478767188,0.8899010645206664,397.72636863254183,1799.0571779111478,0.1105374452562799,729757.2660483689,ok
471,729779.8234184422,0.8407272517047293,530.5595549608763,11882.019422375879,0.022326152487250683,729773.9007416784,ok
472,729774.1428108844,0.3114763712122961,317.04595033178185,348.17205172100125,0.45530068936411716,729701.9671910113,ok
473,729702.2049220626,0.24365906451607888,16926.390799123023,5536114.007307153,0.0015287249121659857,729689.2670244188,ok
474,729702.2049220626,0.2558670055930554,22975.14400460741,10272245.680530777,0.0011183116486472246,729689.3582364777,ok
475,729687.706255682,0.5671408503795484,9020.063072391846,6810129.046552462,0.0006622534617723679,729684.7194716844,ok
476,729687.706255682,0.502879900692719,9697.162116382011,7239334.846133714,0.0006697550481147409,729684.4588940421,ok
477,729687.706255682,0.4638867784532944,8663.151760821356,2806941.4970592293,0.001543165714336681,729681.0219162944,ok
478,729685.676135969,0.69724341487263,3290.547474471322,538726.1804266575,0.003054007391904818,729680.6514578138,ok
479,729660.1558504921,0.5894235193896289,2127.831168165955,522990.1150131284,0.002034293868166649,729657.9915335431,ok
480,729660.1558504921,0.5365109223663849,1985.264495899481,261510.49646015777,0.003795764458353098,729656.3880522851,ok
481,729660.1558504921,0.7473724046799335,1037.4132261705795,38853.9963668466,0.013350148288166634,729653.2310402894,ok
482,729576.6711552261,0.6191050846328097,2892.7957321127165,601646.5491808299,0.0024040657559254632,729573.1939196469,ok
483,729576.6711552261,0.5592280856825331,3664.4552041898337,829371.288219518,0.0022091765511057368,729572.6234409712,ok
484,729576.6711552261,0.5758758326369946,4452.552047008098,1222886.1406754607,0.0018205096529055162,729572.6181982352,ok
485,729585.8674491921,0.37098270973711395,9516.950956876977,3595570.502216914,0.0013234271099689366,729579.5699537417,ok
486,729585.8674491921,0.3913326432847857,9760.204428922149,4954739.183877019,0.0009849362465619144,729581.0608596341,ok
487,729585.8674491921,0.38363648260909144,11001.832750956599,4778190.24411014,0.0011512552021676055,729579.5344905981,ok
488,729585.8674491921,0.3750288648029259,7265.507853538016,1753011.2575270536,0.0020722935526915434,729578.3393166512,ok
489,729566.269302209,0.6337891825359243,2696.1679964960954,595048.6378110958,0.002265502200302508,729563.2152149448,ok
490,729566.269302209,0.5834922963107095,2983.496898912048,843821.166827606,0.0017678490515524014,729563.6321161275,ok
491,729555.6728102167,0.8625479749885119,1043.8856436858264,64048.60511224767,0.00814916766615273,729551.4194106493,ok
492,729555.6728102167,0.7282352696169726,924.3131014381967,37557.183361982236,0.012305410293012615,729549.9857842405,ok
493,729562.7102405495,0.36916058534946833,8172.424111735049,2940079.897988909,0.0013898302759263786,729557.0310993205,ok
494,729562.7102405495,0.3223044957275759,8756.021272567747,3379388.630752969,0.0012955037477617361,729557.0385113624,ok
495,729558.0098001822,0.671843977313247,1683.057306226631,262945.07234265376,0.003200397123307515,729555.3165743016,ok
496,729558.0098001822,0.9782787928306393,1713.1895573086992,442140.8760130293,0.0019373797473299142,729556.3502508064,ok
497,729558.0098001822,0.6699221170124228,2386.373168870099,573450.7749281161,0.0020807131781879957,729555.5271211319,ok
498,729611.3731887487,0.15882711621781628,33735.963003863755,11552369.89195724,0.0014601317010871826,729586.7437142243,ok
499,729579.6345082362,0.34556846241540956,5315.424663587553,1573052.6907194697,0.0016895253080036463,729575.1442359902,ok
500,729579.6345082362,0.37694437311748846,3464.177730545454,787377.3840112593,0.002199820442452483,729575.8242237422,ok
501,729579.6345082362,0.33539645726040207,6625.166446519316,2432720.765063115,0.0013616783606373811,729575.1238353433,ok
502,729579.6345082362,0.3448090552348638,5102.093733081131,1472601.689035674,0.0017323400384058408,729575.2152276095,ok
503,729567.0034098368,0.8377582407683131,645.6629456580059,30040.91862581705,0.010746391508532727,729563.5341364385,ok
504,729564.9608704814,0.3887940371137742,14216.704955363519,9585418.86735346,0.0007415797448238566,729559.6894602649,ok
505,729564.9608704814,0.387364952870919,13583.542745560617,7991890.170506079,0.0008498329216091099,729559.1889995729,ok
506,729547.3627538919,0.8423972304060752,523.7851215104309,25791.158963363938,0.010154354099683191,729544.7034040939,ok
507,729547.3627538919,0.8153619756693619,478.7146658511699,16663.985360620223,0.014363750792246029,729543.9246848114,ok
508,729535.6764073953,0.8871885194685678,1762.180776801874,364912.9540140417,0.0024145220900188514,729533.5489951893,ok
509,729529.7331577315,1.2083664705533073,762.6387016969253,19573.093353811695,0.019481813321766225,729522.3043653223,ok
510,729526.2502980449,1.1007057649854806,434.69301447695955,6931.987554927122,0.03135413985040901,729519.4355852609,ok
511,729535.0690251954,0.3482823537047814,4448.1378661568115,766946.3079800414,0.002899901740104972,729528.6194438263,ok
512,729516.473451654,0.8027382761506564,375.0641148302476,1208.2281533792916,0.1552124546101791,729487.3661407045,ok
513,729493.3546881686,0.941785445221156,779.2835072331457,55664.23256233036,0.006999858538968791,729490.6272510124,ok
514,729485.7115022056,1.4207650364317899,279.1375580299996,3110.4460267247055,0.04487098564509267,729479.4489135259,ok
515,729480.3378139656,1.1085963723571182,579.0898395026944,90097.29644761122,0.0032136915442263973,729479.4073059054,ok
516,729475.2831172254,0.9919620186471031,996.049322459011,154774.93368381003,0.0032177346122914253,729473.6806060352,ok
517,729475.2831172254,1.1542250535469474,833.2121511535416,182177.93403156442,0.0022868086510663198,729474.3304188476,ok
518,729470.9772707338,1.280905267056312,377.8416513727702,40503.73476514974,0.0046642816219736975,729470.0960907986,ok
519,729470.9772707338,2.1553847237470602,624.0548487726707,396971.9284852564,0.0007860188642984212,729470.7320112921,ok
520,729470.9772707338,1.1188484509858854,485.06054501121446,25845.78098406081,0.009383747105772371,729468.701427991,ok
521,729470.9772707338,3.02061678463164,365.45573917885827,274139.84358625545,0.0006665498425876776,729470.855473501,ok
522,729470.9772707338,1.945509867609102,600.9024379457929,263568.72408657713,0.0011399350207963376,729470.6347758673,ok
523,729470.9772707338,1.1628680927581194,215.3551993610975,1454.7714116445572,0.07401685159514085,729463.0073138182,ok
524,729463.7974929393,0.338318051974504,615.1262214962526,2032.2072930048744,0.15134435931157175,729417.2495509953,ok
525,729387.812280838,0.2958450438679315,30564.63426027781,11087004.435345106,0.0013783991175668011,729366.7471483914,ok
526,729369.4047386061,0.2548201196896109,17860.203565206557,5881880.82999528,0.0015182391552483127,729355.8467084194,ok
527,729393.3625766209,0.15260627659879283,25964.883970983577,5588311.92350478,0.002323141972603005,729363.2025207374,ok
528,729352.3660446744,0.36432003391955525,9287.984348332075,3299194.86964136,0.001407613783865657,729345.8290972778,ok
529,729335.2285010893,0.8323821567989405,2341.1453248510065,401085.76491682365,0.0029185096176830264,729331.8121735158,ok
530,729335.2285010893,1.0660558149517054,3583.238417168479,1778412.540426173,0.001007426099320522,729333.4235771386,ok
531,729334.3712595971,0.7976231325596567,2231.293844927281,317014.1357007955,0.003519233992507549,729330.445037024,ok
532,729334.3712595971,0.8863810468500751,2426.072138288329,710496.5407786682,0.0017073074948609015,729332.3002340248,ok
533,729334.3712595971,0.782788343160793,2105.4930248504484,292324.76899034984,0.003601290838478272,729330.5800132267,ok
534,729324.8110614058,0.658207525205053,2211.877413141664,373687.3415887464,0.0029595294875895185,729321.5380031922,ok
535,729324.8110614058,0.8037493150823817,1868.4610719199582,310028.1243627512,0.0030133735056464563,729321.9958758606,ok
536,729324.8110614058,0.6443879561964362,1939.1748005784366,223367.72336722806,0.004340767706599967,729320.6023077299,ok
537,729313.3801327709,1.2071040770587462,988.1814963993021,135364.9622943958,0.0036500637966055613,729311.5766700186,ok
538,729313.3801327709,0.8370833546733191,1119.3497114717165,40157.210831638724,0.013937094836649023,729305.5798912287,ok
539,729306.0981133713,1.0543741457592724,673.6125880728927,28600.35863755906,0.011776296175326268,729302.131782699,ok
540,729306.0981133713,1.2437637994653137,448.12943224322476,45692.92381029699,0.004903707126553345,729304.999365626,ok
541,729306.0981133713,1.21273532414786,481.43004590861767,29884.50798078424,0.008054843101619366,729304.1591916293,ok
542,729306.0981133713,0.7685835911064517,667.2568828156542,10875.202741873996,0.030677905444762017,729295.8630915921,ok
543,729234.0366698327,0.34383368789888513,10839.05266800503,5342016.049793941,0.0010145095565955037,729228.5385085746,ok
544,729234.0366698327,0.38875405399393337,10558.624081780721,6218638.761158257,0.0008489497852592838,729229.5547990092,ok
545,729234.0366698327,0.34178742211544927,11289.709119853262,5793151.378676957,0.0009744013561778884,729228.5363158941,ok
546,729216.0899447546,1.5024683771154104,348.73508383462706,24938.907930997197,0.006991787386992504,729214.8708039743,ok
547,729216.0899447546,1.4254361346945095,593.3185905096234,30928.878517574474,0.00959166026942242,729213.2444895788,ok
548,729199.790433036,1.1613320592875314,226.08125832430295,3554.2549596980016,0.03180431073289023,729196.1952537406,ok
549,729190.0294309213,0.3637189237672469,147.1981930744855,264.4497220847371,0.27831035690655603,729169.5460400961,ok
550,729222.8905639744,0.3180378654695125,12457.249234985376,4913946.404511887,0.0012675402018576536,729214.9955318694,ok
551,729203.042214738,1.397826970602282,1596.2334758766106,933673.9842500021,0.0008548130840117745,729202.3599741078,ok
552,729198.7329608143,1.6071217419969284,435.557934211461,47536.94644623667,0.0045812569671893864,729197.7352594038,ok
553,729198.7329608143,0.9153733224391506,1007.648723205519,105881.14116402852,0.004758395650668771,729196.3355651633,ok
554,729198.7329608143,1.217605092014901,597.1729064603138,48653.992759017274,0.00613693627795467,729196.9005547774,ok
555,729198.7329608143,1.2073857901859963,657.0104305162894,51790.63375315463,0.006342946425870586,729196.6492698333,ok
556,729194.3824993967,1.1195473882109854,274.43492738660086,3514.394708657403,0.039044408801116516,729189.0249246495,ok
557,729194.3824993967,1.1796520699304407,208.48359877234458,3884.171923487865,0.026837586347765577,729191.5849011047,ok
558,729194.3824993967,2.0932342063277027,111.28572434319815,10946.676872815422,0.005083082548072697,729194.0996621351,ok
559,729194.3824993967,1.6285765574454467,273.677405887145,32288.7167394042,0.004237972789317408,729193.8025806971,ok
560,729194.3824993967,1.2138142062738622,1059.4822331575804,454672.6253293134,0.0011651044885209565,729193.7652956439,ok
561,729194.3824993967,0.6388429940476651,500.3952746073028,1106.2474978129849,0.22616786731566302,729137.7958333603,ok
562,729188.8100602869,1.8506904140696452,437.0479182409794,154672.3452529415,0.0014128185537183732,729188.5013255831,ok
563,729188.8100602869,0.8969737723202867,766.3666971731164,304489.4912184359,0.001258445232553752,729188.3278450286,ok
564,729188.8100602869,2.9920001753463183,145.20335979169042,18105.000950255948,0.004010034580794587,729188.5189250399,ok
565,729185.3249732392,3.446054003232324,297.91378103348023,64997.80986433303,0.0022917216876638005,729184.9836055028,ok
566,729184.4875768041,2.110684600802818,48.867785595061584,700.9481227049711,0.03485834686772535,729183.6358516936,ok
567,729181.4779991672,0.6135916097026793,120.47044124214297,388.68811350580336,0.1549705754512921,729172.1433123652,ok
568,729181.4779991672,3.030658278135408,34.08243831204804,833.106914713665,0.020455020664281738,729181.1294206772,ok
569,729176.5970820643,0.8574699930852445,64.78789283135536,100.97076696621737,0.32082500102743594,729166.2042941722,ok
570,729179.9248245116,0.5898043986464031,563.5215164048421,19530.729898116384,0.01442653498728663,729175.8599930754,ok
571,729179.9248245116,0.4567701950212263,3411.2186215739966,1412546.950675272,0.0012074708808593067,729177.8653509348,ok
572,729179.9248245116,0.5206461535029717,788.2165933898741,69984.75062242587,0.005631345302938741,729177.7054646062,ok
573,729179.9248245116,0.3892519658828066,764.2393062174265,9304.677426212578,0.041067479892664384,729164.232133341,ok
574,729179.9248245116,0.49067400557603363,1017.7361455381464,101756.23759711007,0.005000853852162527,729177.3800496497,ok
575,729179.9248245116,0.50299666483169,998.2005065701615,74264.69520541794,0.0067205588322224626,729176.5705918962,ok
576,729179.9248245116,0.5674869755054439,625.0438258967548,25852.364717369535,0.01208871669439206,729176.1468356452,ok
577,729174.7229580495,0.48655425162887955,486.28610438194477,1305.4658793747726,0.18625002463290807,729129.4375585896,ok
578,729103.9077517376,1.7713173877487245,412.9849467362363,109689.01376399718,0.0018825264835765567,729103.5190241879,ok
579,729103.9077517376,2.767697281770079,609.6766448636922,86568.48136797377,0.003521354627165977,729102.8343079004,ok
580,729103.9077517376,2.3662945665435133,230.46082453649052,16101.900734303239,0.007156323602390629,729103.0831256185,ok
581,729103.9077517376,2.936788924949226,208.2384871128183,20678.36903048812,0.005035176778347271,729103.3834929402,ok
582,729103.9077517376,1.4294120406434292,467.369769273469,37500.02751026598,0.0062315923521059045,729102.4515227977,ok
583,729103.9077517376,1.5454599589461662,315.72158448643995,4819.42915278626,0.032755080993763716,729098.7370087019,ok
584,729103.9077517376,1.5340469707592548,307.0346089042202,6501.114022802506,0.02361399967969362,729100.2825941595,ok
585,729102.0324320095,2.517431824792209,165.0016281237755,19349.29075197026,0.004263764244355418,729101.6806679883,ok
586,729102.0324320095,0.2695287745544458,325.2349796653822,536.544717645422,0.30308282699403555,729052.7458634722,ok
587,729099.7657365719,0.2785997227246014,19259.35647863766,5456542.402591479,0.001764794906522746,729082.7713294636,ok
588,729069.4063321002,0.5143149205277618,5593.949751501454,581339.7312814998,0.004811257041704515,729055.9493670337,ok
589,729049.8264373033,0.4576940465078805,2606.5398697713704,156482.673262984,0.008328525501960312,729038.9721204147,ok
590,729030.6307347647,1.0316477823776176,1308.8364096220566,130135.82006296869,0.005028732323616785,729027.339840785,ok
591,729030.6307347647,1.2009456037350257,1328.5055886224904,137785.4161109981,0.0048209223665306635,729027.4284236117,ok
592,729025.9731307783,1.329681217683042,1045.3037931658964,82525.12956835277,0.006333245392242048,729022.6630480626,ok
593,729018.4230650567,1.4187283763820173,1491.8636480425932,296028.31359064556,0.002519798917115704,729016.5434668543,ok
594,729004.3836643512,1.1115531439818738,1055.2047181652233,260515.545532221,0.002025224091732203,729003.3151513427,ok
595,729004.3836643512,2.026501839256274,291.9507372931283,31312.633661084892,0.004661868120916998,729003.7031464336,ok
596,728999.4944730583,0.7377172376726053,2635.818266017445,945365.6203511496,0.0013940734723558003,728997.657210897,ok
597,728994.7045105649,1.5595162653145047,124.64118606610698,663.7921150736581,0.09388570851905652,728988.8534975327,ok
598,728994.7045105649,0.31551502661567743,207.07793603389794,294.68258329350476,0.3513576094649063,728958.3253062761,ok
599,728988.951436521,0.18493277173534156,13876.335189658195,2381206.6624460523,0.0029137192097816443,728968.7355643193,ok
final,728988.951436521,,,,,,noise_plateau
